,AAPL,TSLA,CL=F
0,163649200.0,40725000.0,283623.0
1,270597600.0,102406500.0,431985.0
2,223164000.0,47802000.0,410131.0
3,273829600.0,56686500.0,563811.0
4,324377600.0,53314500.0,617409.0
5,283192000.0,54421500.0,596496.0
6,198957600.0,61371000.0,648640.0
7,196616800.0,46378500.0,627218.0
8,249758400.0,61896000.0,637903.0
9,252680400.0,97360500.0,537906.0
10,319335600.0,83679000.0,329094.0
11,212350800.0,60580500.0,188026.0
12,289337600.0,87579000.0,690039.0
13,208646000.0,47493000.0,694040.0
14,263202000.0,46861500.0,636573.0
15,207178000.0,40480500.0,606892.0
16,300308000.0,74463000.0,642432.0
17,533478800.0,54258000.0,738551.0
18,222715200.0,68892000.0,833378.0
19,257666000.0,42784500.0,618110.0
20,163774000.0,79464000.0,595612.0
21,149428800.0,86604000.0,602564.0
22,183857200.0,118971000.0,811699.0
23,185886800.0,65781000.0,696721.0
24,185672400.0,141564000.0,616531.0
25,216085600.0,139695000.0,603646.0
26,177324800.0,129774000.0,738219.0
27,169374400.0,156097500.0,781280.0
28,200298800.0,213786000.0,795965.0
29,161405600.0,108537000.0,675157.0
30,196231600.0,83907000.0,651956.0
31,179452800.0,87378000.0,578639.0
32,156084000.0,58314000.0,225497.0
33,141496800.0,44391000.0,103202.0
34,137123200.0,75901500.0,521016.0
35,127770400.0,89766000.0,539379.0
36,145022800.0,80934000.0,652245.0
37,110330800.0,86260500.0,611874.0
38,115964400.0,90976500.0,646294.0
39,140865200.0,67485000.0,512468.0
40,201628400.0,100683000.0,566226.0
41,132678400.0,72936000.0,597834.0
42,147822800.0,72435000.0,512962.0
43,184220400.0,97336500.0,578290.0
44,143315600.0,79941000.0,709870.0
45,126247600.0,62680500.0,706933.0
46,108806800.0,48129000.0,740632.0
47,134054400.0,77887500.0,701435.0
48,109632800.0,50146500.0,564791.0
49,100304400.0,60985500.0,489938.0
50,160270800.0,47707500.0,446100.0
51,153214000.0,52750500.0,494174.0
52,137682800.0,56743500.0,298013.0
53,176820800.0,70677000.0,130151.0
54,142010800.0,79617000.0,479337.0
55,129777600.0,64740000.0,463693.0
56,102814000.0,74232000.0,492003.0
57,104532000.0,74413500.0,495168.0
58,77645600.0,58885500.0,299775.0
59,124760400.0,60214500.0,488032.0
60,182404400.0,60495000.0,542469.0
61,103553600.0,120193500.0,532152.0
62,103496000.0,239962500.0,547190.0
63,149424800.0,202129500.0,549477.0
64,106314800.0,149230500.0,485543.0
65,105616400.0,175582500.0,751048.0
66,127207600.0,132843000.0,626749.0
67,94326800.0,110458500.0,817230.0
68,117630000.0,137425500.0,679351.0
69,108929200.0,86448000.0,796837.0
70,133029200.0,73884000.0,730437.0
71,101895600.0,61983000.0,488614.0
72,187756000.0,56286000.0,520146.0
73,243286000.0,64071000.0,342463.0
74,129539600.0,95362500.0,101734.0
75,122444000.0,77911500.0,796240.0
76,126210000.0,41746500.0,671103.0
77,134732400.0,56794500.0,575107.0
78,112126400.0,55054500.0,606383.0
79,224064800.0,48357000.0,564392.0
80,458408400.0,48087000.0,648028.0
81,328970800.0,37785000.0,487412.0
82,274126000.0,81207000.0,598439.0
83,192640400.0,57658500.0,464027.0
84,227325200.0,64533000.0,625551.0
85,164102000.0,130507500.0,711125.0
86,143562000.0,168822000.0,746159.0
87,174799600.0,85278000.0,695306.0
88,131745600.0,71646000.0,767568.0
89,134747200.0,61059000.0,709415.0
90,114876400.0,77428500.0,869957.0
91,305258800.0,54757500.0,715102.0
92,177571200.0,42342000.0,519363.0
93,245039200.0,44241000.0,550863.0
94,187667600.0,42654000.0,470440.0
95,168249600.0,84262500.0,343184.0
96,121768400.0,102994500.0,108816.0
97,128104000.0,135106500.0,538047.0
98,152074400.0,76537500.0,475453.0
99,140560800.0,45207000.0,475965.0
100,152675200.0,46902000.0,550501.0
101,225324800.0,61086000.0,488465.0
102,145364800.0,54754500.0,406386.0
103,169228800.0,41835000.0,476988.0
104,116693200.0,44740500.0,568839.0
105,160766400.0,30492000.0,564846.0
106,114019600.0,33435000.0,481034.0
107,93170000.0,33742500.0,450472.0
108,89638000.0,93204000.0,542254.0
109,83392400.0,89580000.0,656416.0
110,106405600.0,67381500.0,560723.0
111,126851600.0,90399000.0,596119.0
112,152082000.0,62895000.0,506036.0
113,127727600.0,53703000.0,456144.0
114,117780800.0,43627500.0,527870.0
115,125307200.0,36604500.0,507910.0
116,244032800.0,46689000.0,226653.0
117,137647600.0,53332500.0,98293.0
118,142185600.0,67935000.0,475407.0
119,116876400.0,356136000.0,569939.0
120,128960800.0,151960500.0,401885.0
121,301245600.0,105397500.0,649446.0
122,181958400.0,108081000.0,504613.0
123,161779600.0,93186000.0,498851.0
124,146124000.0,89923500.0,511476.0
125,143345600.0,72646500.0,508736.0
126,104106000.0,81000000.0,405187.0
127,110820800.0,77629500.0,609194.0
128,123796400.0,73798500.0,607663.0
129,100558400.0,54180000.0,710893.0
130,115648400.0,61122000.0,583078.0
131,95179600.0,81447000.0,533657.0
132,96670000.0,68569500.0,658257.0
133,103568800.0,53506500.0,686245.0
134,155676000.0,40137000.0,573761.0
135,120548000.0,33513000.0,430256.0
136,145975600.0,51181500.0,211393.0
137,95119600.0,46726500.0,128127.0
138,105104000.0,38527500.0,541014.0
139,130808000.0,66430500.0,432972.0
140,113254800.0,38695500.0,428407.0
141,161531600.0,67360500.0,389837.0
142,224959200.0,51450000.0,461324.0
143,369379200.0,43335000.0,537390.0
144,159479200.0,36286500.0,447913.0
145,110934800.0,46062000.0,478763.0
146,152671600.0,60244500.0,533020.0
147,135266400.0,59016000.0,534512.0
148,120810400.0,58317000.0,655186.0
149,109634800.0,62205000.0,598836.0
150,162213600.0,48078000.0,550189.0
151,112148800.0,33954000.0,562530.0
152,105260800.0,33117000.0,624703.0
153,96034000.0,35074500.0,676148.0
154,109938000.0,28213500.0,682235.0
155,74641600.0,27202500.0,536081.0
156,103472800.0,30514500.0,522526.0
157,135177600.0,34006500.0,550440.0
158,101424000.0,26806500.0,563354.0
159,87938800.0,25717500.0,229277.0
160,101472400.0,24892500.0,162438.0
161,103280800.0,30982500.0,515256.0
162,85030800.0,71766000.0,623904.0
163,94700400.0,38560500.0,603495.0
164,100344800.0,26437500.0,458816.0
165,111065200.0,33585000.0,558344.0
166,99881200.0,48994500.0,309254.0
167,99455600.0,47533500.0,464449.0
168,118649600.0,49147500.0,549007.0
169,106806000.0,119146500.0,605003.0
170,107210000.0,89661000.0,576915.0
171,107521600.0,65859000.0,932145.0
172,169457200.0,54613500.0,572884.0
173,212008000.0,50668500.0,761943.0
174,186228000.0,56355000.0,688191.0
175,181171200.0,55728000.0,745016.0
176,248704800.0,53841000.0,657775.0
177,443554800.0,33817500.0,705861.0
178,359934400.0,46158000.0,537185.0
179,319547600.0,46617000.0,231191.0
180,188092000.0,34492500.0,129857.0
181,138057200.0,36157500.0,694130.0
182,144012800.0,39502500.0,585987.0
183,124296000.0,35743500.0,521680.0
184,209924800.0,43578000.0,718395.0
185,119477600.0,35916000.0,527119.0
186,98429600.0,50598000.0,630757.0
187,118564400.0,31326000.0,1008434.0
188,143548000.0,40905000.0,702649.0
189,145516400.0,38794500.0,496515.0
190,86807200.0,89998500.0,458021.0
191,118947200.0,53122500.0,513710.0
192,85812400.0,28162500.0,520070.0
193,115117200.0,70551000.0,547915.0
194,97433600.0,52395000.0,618809.0
195,144944000.0,49744500.0,
196,256164000.0,34926000.0,765608.0
197,150347200.0,29560500.0,533884.0
198,140769600.0,37419000.0,740676.0
199,142608800.0,64048500.0,519431.0
200,94499600.0,68311500.0,418723.0
201,98214000.0,85207500.0,192803.0
202,80138400.0,104868000.0,132427.0
203,96503200.0,76093500.0,548947.0
204,92770800.0,44151000.0,551300.0
205,94154800.0,41274000.0,623398.0
206,192516000.0,36675000.0,553778.0
207,264536800.0,84492000.0,679320.0
208,138248000.0,196405500.0,543173.0
209,151446800.0,64201500.0,550081.0
210,105677600.0,70384500.0,649237.0
211,175303200.0,105900000.0,834989.0
212,113326800.0,63801000.0,674322.0
213,107730400.0,39795000.0,540439.0
214,123348000.0,77190000.0,736685.0
215,130240000.0,58051500.0,605733.0
216,97016800.0,49014000.0,669639.0
217,236705600.0,122596500.0,946512.0
218,228538000.0,101254500.0,686338.0
219,136575600.0,59827500.0,
220,204702000.0,98283000.0,704766.0
221,129058000.0,58530000.0,706177.0
222,235362000.0,51516000.0,658169.0
223,110528000.0,73306500.0,284874.0
224,113715600.0,78154500.0,155651.0
225,117058400.0,65415000.0,665326.0
226,103862000.0,84051000.0,826208.0
227,109705600.0,73378500.0,556861.0
228,45903600.0,35491500.0,465977.0
229,108776000.0,67938000.0,734381.0
230,114115200.0,66589500.0,732818.0
231,144649200.0,53206500.0,1311000.0
232,148347600.0,76896000.0,974805.0
233,106112000.0,60634500.0,667099.0
234,137298000.0,61083000.0,600782.0
235,104782000.0,50874000.0,642746.0
236,119994800.0,81928500.0,816879.0
237,108273200.0,47911500.0,780062.0
238,137610400.0,40837500.0,652040.0
239,105497600.0,36583500.0,847025.0
240,174935200.0,102358500.0,638396.0
241,136127200.0,62263500.0,677957.0
242,186098000.0,48294000.0,551759.0
243,177404400.0,56953500.0,252567.0
244,111117600.0,52321500.0,129990.0
245,85700000.0,70336500.0,416592.0
246,95132800.0,78114000.0,471993.0
247,104343600.0,46666500.0,393487.0
248,56998000.0,70057500.0,285166.0
249,73187600.0,88735500.0,277306.0
250,83623600.0,56737500.0,322535.0
251,60158000.0,60675000.0,360194.0
252,122345200.0,69639000.0,271094.0
253,115127600.0,88849500.0,727793.0
254,84472400.0,168202500.0,512641.0
255,88774400.0,88675500.0,517362.0
256,127007600.0,82918500.0,528333.0
257,134247600.0,59692500.0,564893.0
258,97848400.0,54900000.0,632573.0
259,110354400.0,54762000.0,815846.0
260,108344800.0,56853000.0,660703.0
261,104447600.0,91395000.0,477986.0
262,137759200.0,69262500.0,606023.0
263,94852000.0,56535000.0,236238.0
264,102389200.0,115984500.0,122593.0
265,130391600.0,63064500.0,567231.0
266,88200800.0,93943500.0,455333.0
267,92844000.0,74482500.0,520285.0
268,129510400.0,77139000.0,589709.0
269,105350400.0,47281500.0,578065.0
270,82251600.0,47494500.0,495556.0
271,121510000.0,57016500.0,486309.0
272,196804000.0,61741500.0,586676.0
273,447940000.0,59382000.0,577243.0
274,134841600.0,37497000.0,492553.0
275,98029200.0,32800500.0,462616.0
276,107383600.0,53437500.0,425085.0
277,152735200.0,63672000.0,624057.0
278,92016400.0,58995000.0,767379.0
279,113399600.0,117303000.0,610196.0
280,80262000.0,54295500.0,596449.0
281,92141600.0,105444000.0,586034.0
282,132904800.0,110178000.0,493022.0
283,142492400.0,74218500.0,463638.0
284,90338400.0,106159500.0,343363.0
285,88792800.0,93856500.0,195352.0
286,98028800.0,85150500.0,665310.0
287,83347600.0,131325000.0,499480.0
288,83152800.0,223728000.0,529880.0
289,87106400.0,122574000.0,395258.0
290,81029600.0,171912000.0,394380.0
291,93931600.0,91171500.0,593909.0
292,145658400.0,72142500.0,491289.0
293,104844000.0,50277000.0,638390.0
294,84432400.0,43791000.0,436360.0
295,87000000.0,50332500.0,503692.0
296,69785200.0,51892500.0,494677.0
297,74828800.0,55878000.0,963392.0
298,88623600.0,58189500.0,1073506.0
299,78451200.0,45994500.0,796960.0
300,69686800.0,45339000.0,601362.0
301,61236400.0,113976000.0,857711.0
302,102767200.0,79962000.0,655788.0
303,76928000.0,106983000.0,516853.0
304,175540000.0,97462500.0,172340.0
305,86168000.0,54214500.0,142258.0
306,158119600.0,103629000.0,628119.0
307,103440800.0,60889500.0,680849.0
308,81385200.0,49803000.0,499878.0
309,89582400.0,84709500.0,421027.0
310,94300400.0,93462000.0,466176.0
311,133499200.0,119814000.0,502377.0
312,116760000.0,55143000.0,548615.0
313,84829200.0,62226000.0,580668.0
314,78646800.0,49419000.0,527607.0
315,79942800.0,208329000.0,440724.0
316,79565600.0,152019000.0,532054.0
317,110871600.0,118213500.0,651398.0
318,84596000.0,82809000.0,473019.0
319,66688800.0,68694000.0,796437.0
320,75733600.0,114967500.0,565439.0
321,121517600.0,85869000.0,598003.0
322,81400000.0,90760500.0,629805.0
323,71291600.0,139269000.0,480835.0
324,66328400.0,62080500.0,326340.0
325,58790000.0,45535500.0,202043.0
326,69313600.0,58470000.0,133173.0
327,93278400.0,92241000.0,606263.0
328,69283600.0,67647000.0,687474.0
329,68537200.0,76252500.0,517897.0
330,75486000.0,101065500.0,587240.0
331,80164800.0,70425000.0,655717.0
332,56985200.0,52029000.0,771189.0
333,83441600.0,67582500.0,633992.0
334,134411600.0,132444000.0,364386.0
335,181408800.0,80742000.0,702375.0
336,182788000.0,107001000.0,691319.0
337,93487600.0,212280000.0,943959.0
338,109310800.0,122659500.0,1021610.0
339,195009600.0,105097500.0,785055.0
340,156521600.0,145147500.0,701944.0
341,103222800.0,86124000.0,819796.0
342,109020400.0,71307000.0,661783.0
343,130108000.0,61824000.0,537490.0
344,104038800.0,114330000.0,687153.0
345,80194000.0,62287500.0,589212.0
346,203070800.0,100678500.0,650107.0
347,134272800.0,84807000.0,242754.0
348,107843200.0,70314000.0,146452.0
349,91865600.0,64938000.0,564310.0
350,79675600.0,64776000.0,584139.0
351,76712000.0,75499500.0,736341.0
352,76942400.0,75210000.0,1147389.0
353,87710400.0,117033000.0,763920.0
354,80507600.0,116743500.0,663486.0
355,97804800.0,149451000.0,779144.0
356,65616400.0,114120000.0,774478.0
357,111082800.0,83853000.0,802662.0
358,101326800.0,101766000.0,710199.0
359,106499600.0,166302000.0,825056.0
360,84278400.0,140970000.0,1182327.0
361,85003200.0,135922500.0,927695.0
362,259530800.0,258921000.0,735933.0
363,289229200.0,157765500.0,666765.0
364,136661600.0,177118500.0,783320.0
365,126124800.0,192276000.0,924408.0
366,128661600.0,156397500.0,500938.0
367,201444400.0,100965000.0,191824.0
368,130165600.0,98239500.0,123943.0
369,99600400.0,111580500.0,894104.0
370,85063200.0,73848000.0,1071747.0
371,76425200.0,112947000.0,668830.0
372,141757600.0,96687000.0,690906.0
373,102769600.0,99061500.0,661354.0
374,99047600.0,104946000.0,759115.0
375,88329600.0,94537500.0,753375.0
376,125997600.0,123315000.0,768946.0
377,92096400.0,87727500.0,677408.0
378,57111200.0,94581000.0,517621.0
379,86278400.0,255700500.0,1173581.0
380,96515200.0,289867500.0,969676.0
381,76806800.0,212653500.0,975914.0
382,84362400.0,207313500.0,848570.0
383,79127200.0,173391000.0,1010691.0
384,99538000.0,155191500.0,963505.0
385,100797600.0,128917500.0,748971.0
386,80528400.0,84378000.0,742895.0
387,95174000.0,148153500.0,560633.0
388,71475200.0,95605500.0,208420.0
389,83692000.0,95355000.0,140677.0
390,68974800.0,77493000.0,720621.0
391,105010400.0,73524000.0,769438.0
392,85972800.0,129556500.0,707910.0
393,75415600.0,104838000.0,885700.0
394,63124000.0,72312000.0,887864.0
395,129905200.0,124536000.0,880757.0
396,68854800.0,73206000.0,771225.0
397,79383600.0,128026500.0,781539.0
398,141474400.0,124546500.0,1008583.0
399,279747200.0,196372500.0,847722.0
400,108389200.0,203025000.0,837763.0
401,82239600.0,139033500.0,745664.0
402,87481200.0,94867500.0,831374.0
403,144823600.0,111747000.0,924240.0
404,104526000.0,103381500.0,858250.0
405,163217200.0,106393500.0,1135440.0
406,105028400.0,65487000.0,804237.0
407,88490800.0,67788000.0,763241.0
408,117862000.0,46276500.0,770358.0
409,110686400.0,51207000.0,815544.0
410,111762400.0,75415500.0,608314.0
411,109712400.0,81123000.0,253069.0
412,105474000.0,97431000.0,129192.0
413,86418400.0,64830000.0,864387.0
414,77596400.0,74317500.0,701693.0
415,79275600.0,68770500.0,831358.0
416,101920400.0,52260000.0,646518.0
417,103864000.0,56460000.0,921285.0
418,118067600.0,61105500.0,895643.0
419,109078400.0,51193500.0,895643.0
420,107140400.0,61092000.0,882983.0
421,66364400.0,45742500.0,915708.0
422,117874000.0,57526500.0,742808.0
423,86606800.0,61371000.0,788963.0
424,87714000.0,63588000.0,702514.0
425,114446000.0,48952500.0,843760.0
426,126323200.0,115006500.0,774468.0
427,286856000.0,89593500.0,676040.0
428,179629600.0,62778000.0,706925.0
429,95042800.0,108037500.0,709035.0
430,196458400.0,81307500.0,433597.0
431,113077600.0,107820000.0,189605.0
432,83242400.0,96778500.0,143379.0
433,211805600.0,73786500.0,754413.0
434,150046800.0,69273000.0,580569.0
435,186581600.0,122391000.0,473795.0
436,177549200.0,114088500.0,701244.0
437,146640000.0,107344500.0,709515.0
438,102016800.0,90904500.0,637035.0
439,88022000.0,79794000.0,801816.0
440,105199200.0,76606500.0,551982.0
441,74795200.0,79302000.0,600933.0
442,64921200.0,152304000.0,462735.0
443,80655200.0,122452500.0,598836.0
444,85135200.0,62575500.0,654385.0
445,69630400.0,64462500.0,743114.0
446,65051600.0,112405500.0,505079.0
447,62468000.0,104677500.0,664839.0
448,67622400.0,67512000.0,651948.0
449,64500400.0,61305000.0,729273.0
450,65576800.0,53107500.0,667497.0
451,96486000.0,80632500.0,520725.0
452,75989200.0,49399500.0,471612.0
453,65496800.0,74086500.0,152620.0
454,170336800.0,75927000.0,127413.0
455,95896400.0,73956000.0,674142.0
456,87937200.0,86209500.0,583563.0
457,71028800.0,67375500.0,709553.0
458,84828400.0,128911500.0,681739.0
459,68002000.0,75352500.0,594647.0
460,177816800.0,104695500.0,730915.0
461,178803200.0,63816000.0,565043.0
462,144187200.0,85084500.0,497295.0
463,134551200.0,126859500.0,671038.0
464,165573600.0,296871000.0,482846.0
465,237594400.0,133410000.0,614159.0
466,140105200.0,97290000.0,861713.0
467,97446000.0,79414500.0,750187.0
468,97638000.0,70879500.0,919147.0
469,117930400.0,81706500.0,666949.0
470,100582000.0,69381000.0,541296.0
471,67928400.0,113773500.0,631619.0
472,99130000.0,85141500.0,707338.0
473,116632400.0,89680500.0,501385.0
474,94550000.0,87331500.0,213923.0
475,87598000.0,206026500.0,184944.0
476,65049600.0,123715500.0,593241.0
477,100525200.0,108919500.0,619066.0
478,102355600.0,73764000.0,837411.0
479,56106800.0,48661500.0,577826.0
480,82867200.0,68338500.0,690078.0
481,105715200.0,74242500.0,546526.0
482,166665600.0,131511000.0,741564.0
483,166108800.0,65274000.0,735128.0
484,159037200.0,64393500.0,685215.0
485,130169600.0,87526500.0,529965.0
486,109400800.0,69697500.0,499245.0
487,114240000.0,107929500.0,678992.0
488,102693200.0,71709000.0,557325.0
489,93420800.0,52027500.0,681599.0
490,141095200.0,119070000.0,606724.0
491,77636800.0,130998000.0,826488.0
492,95273600.0,93322500.0,658143.0
493,81906000.0,86998500.0,580571.0
494,160677200.0,103998000.0,210054.0
495,117684400.0,82143000.0,137151.0
496,109745600.0,102375000.0,420784.0
497,93902400.0,89307000.0,420844.0
498,83799600.0,65778000.0,405320.0
499,65397600.0,63237000.0,324554.0
500,132742000.0,65676000.0,437785.0
501,85992800.0,70681500.0,402396.0
502,65920800.0,64744500.0,345962.0
503,103999600.0,56658000.0,464478.0
504,102223600.0,65283000.0,510313.0
505,118071600.0,67822500.0,673859.0
506,89738400.0,149194500.0,654363.0
507,94640000.0,68868000.0,563036.0
508,82271200.0,147891000.0,616474.0
509,86336000.0,107199000.0,844720.0
510,95839600.0,64648500.0,697844.0
511,74670800.0,99682500.0,876642.0
512,101672400.0,72376500.0,678727.0
513,118263600.0,97114500.0,867771.0
514,137547200.0,106552500.0,444384.0
515,124773600.0,85287000.0,204504.0
516,129700400.0,73324500.0,142711.0
517,108434400.0,93156000.0,625662.0
518,130756400.0,81981000.0,662456.0
519,204420400.0,79312500.0,887018.0
520,166116000.0,101104500.0,771758.0
521,156572000.0,68091000.0,678186.0
522,202561600.0,71206500.0,656168.0
523,184192800.0,70765500.0,688380.0
524,129915600.0,93211500.0,613258.0
525,188923200.0,62965500.0,685750.0
526,346375200.0,55572000.0,857572.0
527,290954000.0,66961500.0,891063.0
528,272975200.0,76326000.0,797814.0
529,206434400.0,104538000.0,1029408.0
530,217562000.0,154719000.0,929578.0
531,282690400.0,194005500.0,933307.0
532,243278000.0,93417000.0,736917.0
533,130196800.0,68403000.0,580600.0
534,162579600.0,59260500.0,650324.0
535,204588800.0,88693500.0,340401.0
536,160704400.0,84639000.0,181179.0
537,135722000.0,60141000.0,794481.0
538,149886400.0,48294000.0,466924.0
539,123967600.0,104547000.0,592603.0
540,135249600.0,87261000.0,460597.0
541,152648800.0,65100000.0,469853.0
542,155712400.0,71961000.0,562670.0
543,151128400.0,91045500.0,768409.0
544,195208000.0,103284000.0,812505.0
545,153816000.0,76392000.0,613514.0
546,113605600.0,57357000.0,599266.0
547,95154000.0,64285500.0,634953.0
548,126814000.0,75109500.0,879119.0
549,95096400.0,53493000.0,720510.0
550,128740800.0,82602000.0,659722.0
551,128828400.0,123960000.0,537990.0
552,126774000.0,89487000.0,747738.0
553,117473600.0,119511000.0,665017.0
554,90975200.0,98472000.0,430201.0
555,157618800.0,91759500.0,202493.0
556,133787200.0,112264500.0,115962.0
557,78597600.0,71464500.0,717709.0
558,148219600.0,89376000.0,763768.0
559,165963200.0,74097000.0,689172.0
560,164115200.0,99823500.0,752994.0
561,150164800.0,125628000.0,585899.0
562,163690400.0,208080000.0,670811.0
563,166674000.0,315021000.0,697678.0
564,153594000.0,227560500.0,562819.0
565,150347200.0,241710000.0,582742.0
566,121112000.0,282666000.0,527289.0
567,138422000.0,298450500.0,760596.0
568,107732800.0,286816500.0,588597.0
569,140021200.0,202804500.0,753262.0
570,116070800.0,153747000.0,655831.0
571,113634400.0,164847000.0,840280.0
572,89726400.0,112243500.0,963017.0
573,91557200.0,114132000.0,687468.0
574,100497200.0,109908000.0,624203.0
575,86313600.0,95077500.0,560076.0
576,106421600.0,105000000.0,486076.0
577,83018000.0,98365500.0,221664.0
578,139235200.0,91359000.0,125993.0
579,261964400.0,84418500.0,724906.0
580,146062000.0,73401000.0,740941.0
581,134768000.0,85279500.0,832296.0
582,113528400.0,60204000.0,764049.0
583,111852000.0,65340000.0,660549.0
584,142623200.0,65469000.0,542549.0
585,169709600.0,63423000.0,755186.0
586,214277600.0,69384000.0,694771.0
587,266157600.0,134556000.0,789367.0
588,136272800.0,260281500.0,691219.0
589,224805200.0,128541000.0,690876.0
590,169805600.0,130173000.0,758916.0
591,113611200.0,88950000.0,1253566.0
592,92844800.0,85911000.0,863386.0
593,111957200.0,84774000.0,749808.0
594,104848800.0,70194000.0,634145.0
595,83115200.0,109302000.0,592826.0
596,94780800.0,142788000.0,815289.0
597,76732400.0,85110000.0,574279.0
598,69176000.0,66309000.0,562639.0
599,73190800.0,108778500.0,211785.0
600,73603200.0,137739000.0,119892.0
601,60962800.0,134187000.0,723458.0
602,80233600.0,89776500.0,702791.0
603,92936000.0,62650500.0,640725.0
604,69844000.0,58126500.0,955354.0
605,90056400.0,84999000.0,1059750.0
606,74762000.0,112345500.0,726886.0
607,109931200.0,88795500.0,917563.0
608,93770000.0,81366000.0,781103.0
609,105064800.0,71967000.0,696050.0
610,86264000.0,89928000.0,714674.0
611,83734400.0,281509500.0,708829.0
612,85388800.0,215179500.0,675041.0
613,106627200.0,123078000.0,571224.0
614,73234000.0,197752500.0,558281.0
615,67644400.0,335211000.0,524411.0
616,86553600.0,142047000.0,626398.0
617,86440400.0,164715000.0,460168.0
618,246876800.0,162724500.0,512591.0
619,73939600.0,181098000.0,218933.0
620,134314000.0,191428500.0,122646.0
621,82514800.0,125755500.0,801625.0
622,102847600.0,119506500.0,760719.0
623,108801600.0,153991500.0,1136232.0
624,126652400.0,103969500.0,816207.0
625,98276800.0,111787500.0,848537.0
626,101141200.0,125005500.0,775155.0
627,69460800.0,125970000.0,717347.0
628,90950800.0,97386000.0,602399.0
629,70925200.0,281397000.0,652167.0
630,55819200.0,184239000.0,667235.0
631,66416800.0,262146000.0,841632.0
632,69940800.0,132982500.0,611419.0
633,79026400.0,113952000.0,533003.0
634,63756400.0,142072500.0,586829.0
635,75326000.0,73261500.0,861726.0
636,72164400.0,85818000.0,707887.0
637,50055600.0,88047000.0,530277.0
638,60172400.0,117280500.0,530480.0
639,62138000.0,104943000.0,440727.0
640,65573600.0,84363000.0,187313.0
641,81147200.0,88729500.0,103220.0
642,82704800.0,77433000.0,500967.0
643,63957600.0,164893500.0,555915.0
644,74791600.0,143862000.0,524591.0
645,66839600.0,106131000.0,622913.0
646,76304000.0,69457500.0,489059.0
647,96096000.0,85549500.0,460450.0
648,84118000.0,102211500.0,463011.0
649,157492000.0,76153500.0,519070.0
650,271742800.0,151941000.0,576561.0
651,249616000.0,348225000.0,531071.0
652,133789600.0,204847500.0,476615.0
653,101701600.0,128464500.0,495605.0
654,102349600.0,463137000.0,485027.0
655,90102000.0,368568000.0,760313.0
656,93970400.0,257757000.0,509401.0
657,98444800.0,173280000.0,524490.0
658,103563600.0,156958500.0,578219.0
659,82992000.0,104796000.0,538484.0
660,115230400.0,136519500.0,573473.0
661,114001600.0,90960000.0,383380.0
662,141708000.0,284379000.0,171403.0
663,121150800.0,261034500.0,112709.0
664,104639200.0,197583000.0,437164.0
665,76072400.0,89190000.0,581899.0
666,75532800.0,77209500.0,450690.0
667,73905600.0,54039000.0,517796.0
668,82100400.0,196189500.0,332612.0
669,91107200.0,114736500.0,426833.0
670,109019200.0,111711000.0,497095.0
671,195175200.0,108250500.0,445584.0
672,173360400.0,80626500.0,419739.0
673,109560400.0,125257500.0,785981.0
674,133332000.0,115812000.0,542104.0
675,137160000.0,112212000.0,633824.0
676,150479200.0,337378500.0,530895.0
677,158066000.0,214252500.0,571174.0
678,142996000.0,137550000.0,676869.0
679,197114800.0,150231000.0,800543.0
680,166825600.0,95104500.0,684937.0
681,127997200.0,101484000.0,611075.0
682,148780400.0,103314000.0,422294.0
683,126286800.0,248212500.0,234202.0
684,108495200.0,124423500.0,125208.0
685,106435200.0,110241000.0,607520.0
686,384986800.0,75757500.0,855943.0
687,110773600.0,72645000.0,576894.0
688,98217600.0,67225500.0,551280.0
689,95938800.0,117648000.0,464463.0
690,120724800.0,127636500.0,454549.0
691,91717600.0,504745500.0,544047.0
692,94403200.0,326664000.0,601451.0
693,99152800.0,176152500.0,463615.0
694,114619200.0,119925000.0,698817.0
695,128168000.0,147213000.0,687949.0
696,134322000.0,269167500.0,613218.0
697,118655600.0,202090500.0,554938.0
698,107564000.0,180909000.0,623537.0
699,167962400.0,192229500.0,652737.0
700,212497600.0,122515500.0,783962.0
701,161351600.0,108021000.0,626668.0
702,123164000.0,93000000.0,568610.0
703,116736000.0,142896000.0,535003.0
704,91541600.0,129832500.0,651584.0
705,130325200.0,81318000.0,215337.0
706,132314800.0,140632500.0,108311.0
707,115168400.0,84004500.0,513770.0
708,155071200.0,285417000.0,853265.0
709,163702000.0,300874500.0,775963.0
710,119423200.0,312610500.0,573096.0
711,189033600.0,411382500.0,595211.0
712,183742000.0,217290000.0,477487.0
713,146640000.0,136900500.0,680441.0
714,153435600.0,114364500.0,666487.0
715,233292800.0,120001500.0,790286.0
716,365314800.0,117120000.0,708906.0
717,264654800.0,117465000.0,609129.0
718,127531600.0,101443500.0,761240.0
719,133697600.0,110617500.0,866628.0
720,101450400.0,106360500.0,764546.0
721,137463200.0,76482000.0,821729.0
722,204542000.0,104122500.0,806219.0
723,187531600.0,81729000.0,1095643.0
724,243204000.0,75604500.0,844696.0
725,185915200.0,69385500.0,256499.0
726,147713200.0,108093000.0,159001.0
727,167701200.0,145633500.0,699684.0
728,271300800.0,120070500.0,983120.0
729,124496800.0,70302000.0,734277.0
730,94496000.0,63039000.0,1014667.0
731,179994000.0,119881500.0,663108.0
732,165549600.0,95374500.0,764010.0
733,184250000.0,61914000.0,831688.0
734,167080000.0,46210500.0,812721.0
735,158126000.0,84436500.0,796714.0
736,163210000.0,124597500.0,758010.0
737,165377200.0,126928500.0,738130.0
738,172393600.0,117637500.0,987266.0
739,169126400.0,172668000.0,987717.0
740,248104000.0,99202500.0,733225.0
741,189126800.0,94632000.0,665262.0
742,142510800.0,75405000.0,730810.0
743,127594400.0,110488500.0,733627.0
744,162814800.0,95064000.0,526839.0
745,177151600.0,115110000.0,211257.0
746,135366000.0,106500000.0,120101.0
747,196189200.0,124113000.0,817721.0
748,259092000.0,136078500.0,794130.0
749,382978400.0,120252000.0,694003.0
750,148676800.0,83398500.0,415859.0
751,234330000.0,122446500.0,698408.0
752,212468400.0,128626500.0,665590.0
753,169165600.0,149085000.0,564385.0
754,140014000.0,94534500.0,476970.0
755,148158800.0,174879000.0,850480.0
756,365248800.0,104478000.0,788718.0
757,234428400.0,110911500.0,817277.0
758,219111200.0,113268000.0,819939.0
759,164101200.0,105127500.0,765981.0
760,180396400.0,81493500.0,891922.0
761,143122800.0,90846000.0,821782.0
762,108092800.0,75586500.0,812339.0
763,129756800.0,78709500.0,791527.0
764,114843600.0,90849000.0,664183.0
765,122278800.0,70375500.0,694182.0
766,119284800.0,55150500.0,288560.0
767,135004000.0,362262000.0,193099.0
768,121576000.0,181000500.0,951158.0
769,92522400.0,187950000.0,702866.0
770,101766000.0,120183000.0,714415.0
771,134142000.0,108744000.0,593385.0
772,104768400.0,96349500.0,650667.0
773,166348800.0,69325500.0,660527.0
774,244439200.0,168754500.0,731312.0
775,162958400.0,188538000.0,718650.0
776,130672400.0,109251000.0,689566.0
777,125982000.0,110281500.0,622472.0
778,144406400.0,101142000.0,609756.0
779,112958400.0,75577500.0,606720.0
780,126966800.0,97809000.0,749010.0
781,95280000.0,87663000.0,621003.0
782,83973600.0,106945500.0,750242.0
783,89134000.0,82764000.0,708312.0
784,89960800.0,77124000.0,706552.0
785,87342800.0,78012000.0,623546.0
786,98507200.0,58573500.0,276907.0
787,75891200.0,62526000.0,153728.0
788,104457600.0,107131500.0,685111.0
789,68998800.0,133638000.0,546202.0
790,75652800.0,86109000.0,513439.0
791,87493600.0,99397500.0,723012.0
792,68280800.0,128737500.0,538919.0
793,111341600.0,167758500.0,577227.0
794,112861600.0,157810500.0,496678.0
795,103544800.0,343671000.0,684186.0
796,109744800.0,256452000.0,549396.0
797,78949600.0,281470500.0,538399.0
798,83241600.0,155032500.0,637677.0
799,99185600.0,141637500.0,628824.0
800,95997600.0,132294000.0,747358.0
801,128044000.0,110884500.0,597156.0
802,129870400.0,112561500.0,652798.0
803,124130000.0,102670500.0,610616.0
804,94318000.0,106551000.0,567604.0
805,156171600.0,221782500.0,507393.0
806,104879200.0,154215000.0,157241.0
807,126585600.0,177009000.0,114822.0
808,124140800.0,103623000.0,786342.0
809,204136800.0,89206500.0,655380.0
810,169630800.0,131184000.0,738840.0
811,175381200.0,153225000.0,705399.0
812,199202000.0,110263500.0,685988.0
813,119393600.0,131688000.0,732150.0
814,83121600.0,101611500.0,712209.0
815,94256000.0,89869500.0,705559.0
816,111448000.0,121656000.0,670808.0
817,91062800.0,82183500.0,793227.0
818,93087200.0,118791000.0,799672.0
819,76457200.0,355810500.0,684973.0
820,74106400.0,195574500.0,686862.0
821,103526800.0,156156000.0,895767.0
822,143072800.0,88560000.0,790677.0
823,86781200.0,105919500.0,722216.0
824,83603200.0,147538500.0,760504.0
825,111042800.0,101190000.0,625588.0
826,70146400.0,150579000.0,555858.0
827,102785600.0,109093500.0,547469.0
828,115627200.0,76897500.0,235376.0
829,96783200.0,88144500.0,148238.0
830,77758000.0,182206500.0,763527.0
831,93292000.0,164158500.0,700598.0
832,70162400.0,160912500.0,678386.0
833,74172800.0,327741000.0,603001.0
834,74596400.0,335410500.0,1000836.0
835,88818800.0,250717500.0,654076.0
836,186139600.0,141969000.0,750494.0
837,259309200.0,160566000.0,676872.0
838,127985200.0,272389500.0,914661.0
839,83569600.0,355602000.0,646866.0
840,129772400.0,162508500.0,768810.0
841,155054800.0,151971000.0,842810.0
842,105358000.0,92646000.0,791769.0
843,139634400.0,100671000.0,769583.0
844,164834800.0,105124500.0,786494.0
845,229722400.0,162522000.0,1003106.0
846,146118800.0,108786000.0,751668.0
847,106178800.0,109440000.0,723001.0
848,132125600.0,112249500.0,545679.0
849,131516400.0,266800500.0,215802.0
850,154449200.0,307893000.0,131888.0
851,113459200.0,270058500.0,641680.0
852,118994400.0,280278000.0,766728.0
853,146118800.0,398206500.0,1108052.0
854,94858800.0,212049000.0,758099.0
855,111792800.0,154693500.0,1020323.0
856,113924800.0,179529000.0,1124959.0
857,84873600.0,118897500.0,842281.0
858,108174400.0,156100500.0,1031488.0
859,161584400.0,195966000.0,984308.0
860,123872000.0,207112500.0,831625.0
861,119093600.0,202662000.0,943186.0
862,90105200.0,303633000.0,790067.0
863,122737600.0,240052500.0,828133.0
864,104883600.0,158775000.0,687146.0
865,107731600.0,174802500.0,642940.0
866,73012800.0,227962500.0,786105.0
867,86698400.0,122524500.0,945024.0
868,75046000.0,111501000.0,574229.0
869,58676400.0,184752000.0,397868.0
870,106204000.0,190737000.0,181640.0
871,84496800.0,98626500.0,122838.0
872,86056000.0,177952500.0,854514.0
873,191202400.0,123031500.0,676047.0
874,72881600.0,86262000.0,597164.0
875,84281200.0,92731500.0,673140.0
876,104270000.0,127608000.0,686817.0
877,83598800.0,95095500.0,531405.0
878,124442400.0,102771000.0,556101.0
879,109012000.0,123201000.0,674887.0
880,67740800.0,138885000.0,878938.0
881,45448000.0,213016500.0,600131.0
882,69062000.0,105985500.0,698015.0
883,101354400.0,88207500.0,540861.0
884,82312000.0,92862000.0,551872.0
885,71588400.0,137185500.0,690656.0
886,80767200.0,112716000.0,573019.0
887,70380800.0,138007500.0,469029.0
888,67789600.0,165001500.0,566818.0
889,67467200.0,122235000.0,712540.0
890,56430000.0,146470500.0,504432.0
891,74162400.0,71379000.0,215361.0
892,83717200.0,105726000.0,105217.0
893,89111600.0,102636000.0,619483.0
894,73420800.0,75346500.0,521876.0
895,59966400.0,166092000.0,745248.0
896,55638400.0,336274500.0,559282.0
897,70475600.0,150415500.0,476785.0
898,86693600.0,139099500.0,529742.0
899,135742800.0,121635000.0,547401.0
900,277125600.0,137673000.0,614001.0
901,216071600.0,123892500.0,886748.0
902,163448400.0,92047500.0,739810.0
903,209572000.0,105424500.0,823844.0
904,143299200.0,83463000.0,682794.0
905,133457600.0,71647500.0,1063214.0
906,108038000.0,79114500.0,724762.0
907,98478800.0,58473000.0,726386.0
908,89927600.0,69958500.0,611027.0
909,188874000.0,72721500.0,783486.0
910,146189600.0,143439000.0,718293.0
911,108909600.0,122394000.0,527866.0
912,110481600.0,76477500.0,168345.0
913,97654400.0,79644000.0,113571.0
914,107537200.0,61878000.0,659258.0
915,86141600.0,116914500.0,704035.0
916,89014800.0,98385000.0,621573.0
917,187272000.0,128079000.0,807151.0
918,104174400.0,75778500.0,679022.0
919,103493200.0,81243000.0,596624.0
920,63755200.0,48382500.0,674048.0
921,83962000.0,77692500.0,630760.0
922,84573600.0,139809000.0,708268.0
923,80092000.0,80311500.0,970804.0
924,76752400.0,86415000.0,682298.0
925,95654800.0,110929500.0,712466.0
926,77449200.0,62841000.0,714294.0
927,109237600.0,72040500.0,646993.0
928,127111600.0,73255500.0,755472.0
929,177158400.0,150642000.0,858772.0
930,128906800.0,128718000.0,845977.0
931,159053200.0,79696500.0,599470.0
932,84632400.0,70921500.0,1404916.0
933,73274800.0,57981000.0,993237.0
934,101360000.0,62553000.0,216961.0
935,88242400.0,71937000.0,112327.0
936,221652400.0,95295000.0,576019.0
937,76662000.0,65103000.0,526785.0
938,124763200.0,193372500.0,591529.0
939,87613600.0,141406500.0,563550.0
940,75334000.0,178267500.0,599653.0
941,101408000.0,166746000.0,712966.0
942,103909600.0,88197000.0,532522.0
943,139223200.0,92439000.0,589176.0
944,138449200.0,84471000.0,590306.0
945,114426000.0,226267500.0,642466.0
946,138478800.0,119925000.0,541104.0
947,122306000.0,120963000.0,549019.0
948,111820000.0,130173000.0,658324.0
949,74770400.0,103416000.0,632666.0
950,113013600.0,94249500.0,613944.0
951,166795600.0,127131000.0,467643.0
952,96427600.0,153075000.0,467643.0
953,87360000.0,96492000.0,511249.0
954,73903200.0,100261500.0,451643.0
955,67585200.0,71539500.0,418422.0
956,97433600.0,86247000.0,174477.0
957,87247200.0,75304500.0,95979.0
958,82293600.0,69012000.0,506573.0
959,75828800.0,78916500.0,620202.0
960,69275200.0,445813500.0,480764.0
961,73477200.0,450091500.0,445020.0
962,96572800.0,283054500.0,437020.0
963,142839600.0,190264500.0,521457.0
964,124522000.0,144627000.0,659328.0
965,139162000.0,76005000.0,677419.0
966,151125200.0,95758500.0,538117.0
967,103272000.0,131805000.0,580350.0
968,79897600.0,104151000.0,435319.0
969,75864400.0,119113500.0,623258.0
970,94940400.0,217009500.0,678165.0
971,69986400.0,91038000.0,636941.0
972,81821200.0,149800500.0,498981.0
973,87388800.0,110391000.0,586568.0
974,102734400.0,126301500.0,547635.0
975,89182800.0,96973500.0,516832.0
976,100206400.0,72135000.0,375993.0
977,86703200.0,66006000.0,159328.0
978,76167200.0,115872000.0,121214.0
979,106234400.0,100876500.0,674891.0
980,121395200.0,91650000.0,593533.0
981,65325200.0,253059000.0,508244.0
982,84020400.0,185092500.0,420642.0
983,105207600.0,119211000.0,443816.0
984,65235600.0,83334000.0,454256.0
985,46617600.0,36984000.0,718724.0
986,94487200.0,91117500.0,616423.0
987,114430400.0,98605500.0,560554.0
988,67181600.0,82995000.0,760541.0
989,74424400.0,55869000.0,649461.0
990,106075600.0,114186000.0,679609.0
991,128042400.0,135346500.0,511561.0
992,90420400.0,132424500.0,566822.0
993,78756800.0,103467000.0,589650.0
994,137310400.0,116458500.0,530851.0
995,133587600.0,98563500.0,512288.0
996,128186000.0,272613000.0,347395.0
997,114158400.0,127452000.0,163744.0
998,116028400.0,211815000.0,131071.0
999,98369200.0,271606500.0,426341.0
1000,275978000.0,221290500.0,552517.0
1001,98572000.0,199794000.0,314711.0
1002,48478800.0,120820500.0,204535.0
1003,93121200.0,159508500.0,265091.0
1004,146266000.0,149185500.0,351899.0
1005,144114400.0,188796000.0,427149.0
1006,100805600.0,154285500.0,494535.0
1007,135480400.0,142981500.0,486873.0
1008,146322800.0,266677500.0,885861.0
1009,118387200.0,151995000.0,724236.0
1010,108872000.0,268231500.0,582649.0
1011,132079200.0,467164500.0,1205710.0
1012,170108400.0,426606000.0,750933.0
1013,140644800.0,194392500.0,596186.0
1014,121532000.0,397764000.0,584002.0
1015,161954400.0,434943000.0,507714.0
1016,121923600.0,260532000.0,433169.0
1017,108829200.0,326050500.0,182871.0
1018,137816400.0,204436500.0,122561.0
1019,110843200.0,267052500.0,648335.0
1020,101832400.0,470535000.0,620119.0
1021,104472000.0,294765000.0,703995.0
1022,146537600.0,215304000.0,586195.0
1023,161940000.0,204121500.0,712880.0
1024,162234000.0,176827500.0,633963.0
1025,216229200.0,267022500.0,624979.0
1026,126743200.0,435085500.0,720123.0
1027,199588400.0,235789500.0,827907.0
1028,173788400.0,705975000.0,876044.0
1029,136616400.0,914082000.0,859357.0
1030,118826800.0,726357000.0,887946.0
1031,105425600.0,598212000.0,750659.0
1032,117684000.0,255952500.0,768345.0
1033,109348800.0,370338000.0,715894.0
1034,94323200.0,175462500.0,725733.0
1035,113730400.0,180337500.0,795256.0
1036,94747600.0,394339500.0,745400.0
1037,80113600.0,235405500.0,607343.0
1038,152531200.0,245725500.0,221774.0
1039,93984000.0,381345000.0,113683.0
1040,100566000.0,264523500.0,676179.0
1041,129554000.0,214722000.0,707555.0
1042,222195200.0,227883000.0,765515.0
1043,230673600.0,259357500.0,764989.0
1044,198054800.0,211282500.0,884482.0
1045,320605600.0,364158000.0,1011915.0
1046,426510000.0,363343500.0,1101659.0
1047,341397200.0,302925000.0,949471.0
1048,319475600.0,386760000.0,1011933.0
1049,219178400.0,225735000.0,745856.0
1050,187572800.0,162790500.0,704591.0
1051,226176800.0,189943500.0,1276180.0
1052,286744800.0,256105500.0,1774383.0
1053,285290000.0,233916000.0,1064632.0
1054,255598800.0,199837500.0,874646.0
1055,418474000.0,283636500.0,1025036.0
1056,370732000.0,339604500.0,743129.0
1057,322423600.0,307342500.0,698829.0
1058,324056000.0,359919000.0,545820.0
1059,300233600.0,356793000.0,309481.0
1060,271857200.0,452932500.0,136722.0
1061,401693200.0,424282500.0,1133808.0
1062,336752800.0,246817500.0,852951.0
1063,287531200.0,343428000.0,659697.0
1064,303602000.0,318340500.0,618725.0
1065,252087200.0,260710500.0,633877.0
1066,204216800.0,215661000.0,603124.0
1067,167976400.0,179971500.0,758711.0
1068,197002000.0,266572500.0,660082.0
1069,176218400.0,200298000.0,703286.0
1070,165934000.0,297876000.0,1095972.0
1071,129880000.0,338431500.0,1007577.0
1072,201820400.0,223527000.0,752710.0
1073,202887200.0,268797000.0,797707.0
1074,168895200.0,189840000.0,823554.0
1075,161834800.0,204750000.0,1122149.0
1076,131022800.0,337131000.0,775120.0
1077,194994800.0,458647500.0,785478.0
1078,131154400.0,353655000.0,544797.0
1079,157125200.0,309868500.0,350942.0
1080,215250000.0,196923000.0,240628.0
1081,130015200.0,221199000.0,247947.0
1082,180991600.0,303136500.0,2288230.0
1083,116862400.0,212482500.0,1235218.0
1084,124814400.0,198550500.0,833584.0
1085,126161200.0,198180000.0,600220.0
1086,117087600.0,310221000.0,623201.0
1087,112004800.0,228330000.0,897087.0
1088,137280800.0,243240000.0,554134.0
1089,183064000.0,427078500.0,545344.0
1090,240616800.0,487977000.0,403201.0
1091,133568000.0,288556500.0,311488.0
1092,147751200.0,254875500.0,387240.0
1093,142333600.0,166848000.0,381165.0
1094,115215200.0,172915500.0,310261.0
1095,133838400.0,241297500.0,205181.0
1096,145946400.0,247794000.0,179591.0
1097,162301200.0,238603500.0,212335.0
1098,200622400.0,285982500.0,150864.0
1099,158929200.0,205233000.0,160507.0
1100,166348400.0,157776000.0,108016.0
1101,135178400.0,174987000.0,89376.0
1102,101729600.0,144547500.0,430823.0
1103,111504800.0,109639500.0,406431.0
1104,102688800.0,183819000.0,372814.0
1105,81803200.0,149812500.0,429036.0
1106,125522000.0,121345500.0,466737.0
1107,112945200.0,173242500.0,415246.0
1108,133560800.0,108834000.0,440168.0
1109,153532400.0,176467500.0,443647.0
1110,80791200.0,224092500.0,385710.0
1111,87642800.0,203484000.0,343483.0
1112,104491200.0,119242500.0,494253.0
1113,87560400.0,133315500.0,307612.0
1114,137250400.0,117178500.0,396856.0
1115,95654400.0,212620500.0,416639.0
1116,147712400.0,170823000.0,396033.0
1117,166651600.0,278451000.0,385868.0
1118,201662400.0,238747500.0,513912.0
1119,200146000.0,251451000.0,406508.0
1120,138808800.0,235458000.0,387546.0
1121,165428800.0,210766500.0,366323.0
1122,114406400.0,148362000.0,239516.0
1123,96820400.0,146278500.0,113384.0
1124,264476000.0,130195500.0,64113.0
1125,135445200.0,95436000.0,315264.0
1126,212155600.0,95479500.0,368730.0
1127,192623200.0,164394000.0,499490.0
1128,137522400.0,138817500.0,451640.0
1129,205256800.0,132823500.0,356712.0
1130,130646000.0,135396000.0,343913.0
1131,140223200.0,253777500.0,370059.0
1132,110737200.0,199903500.0,407170.0
1133,114041600.0,258751500.0,347096.0
1134,118655600.0,308548500.0,373236.0
1135,112424400.0,322345500.0,256596.0
1136,117092000.0,244669500.0,286740.0
1137,125642800.0,175764000.0,367386.0
1138,90257200.0,350064000.0,393149.0
1139,191649200.0,584781000.0,370715.0
1140,170989200.0,351271500.0,426971.0
1141,153198000.0,245517000.0,352542.0
1142,110577600.0,214512000.0,200101.0
1143,92186800.0,139950000.0,88220.0
1144,90318000.0,256821000.0,60179.0
1145,103433200.0,241608000.0,389117.0
1146,89001600.0,212416500.0,333647.0
1147,197004400.0,364927500.0,389412.0
1148,185438800.0,290949000.0,353159.0
1149,121214000.0,240730500.0,377714.0
1150,103625600.0,237130500.0,276804.0
1151,90329200.0,141403500.0,295855.0
1152,158130000.0,114315000.0,487325.0
1153,374336800.0,183123000.0,318788.0
1154,308151200.0,132139500.0,338326.0
1155,173071600.0,126225000.0,451575.0
1156,121776800.0,74217000.0,491268.0
1157,202428800.0,89884500.0,359610.0
1158,198045600.0,133446000.0,398997.0
1159,212403600.0,112834500.0,367796.0
1160,187902400.0,129387000.0,432843.0
1161,165598000.0,327441000.0,397831.0
1162,210082000.0,306379500.0,329507.0
1163,165565200.0,188664000.0,310866.0
1164,119561600.0,303634500.0,208429.0
1165,105633600.0,247117500.0,111628.0
1166,145538000.0,183079500.0,81299.0
1167,126907200.0,309177000.0,377070.0
1168,338054800.0,322344000.0,345368.0
1169,345937600.0,300954000.0,294731.0
1170,211495600.0,159883500.0,330800.0
1171,163022400.0,213591000.0,262243.0
1172,155552400.0,355395000.0,320968.0
1173,187630000.0,301218000.0,272800.0
1174,225702700.0,355123200.0,236877.0
1175,151948100.0,269523300.0,285146.0
1176,200119000.0,288528300.0,421771.0
1177,257599600.0,262788300.0,417634.0
1178,332607200.0,330965700.0,444184.0
1179,231366600.0,346397100.0,720975.0
1180,176940500.0,238397400.0,455356.0
1181,182274400.0,254791800.0,367555.0
1182,180860300.0,182152500.0,363787.0
1183,140150100.0,249061800.0,347563.0
1184,184642000.0,291894600.0,348861.0
1185,154679000.0,216837900.0,367612.0
1186,178011000.0,230337600.0,280669.0
1187,287104900.0,259220400.0,85906.0
1188,195713800.0,328430400.0,66195.0
1189,183055400.0,238742400.0,287807.0
1190,150718700.0,285222600.0,318754.0
1191,167743300.0,289683300.0,269992.0
1192,149981400.0,201625500.0,229025.0
1193,137672400.0,149158800.0,226425.0
1194,99382200.0,150657900.0,379599.0
1195,142675200.0,144436800.0,340294.0
1196,116120400.0,152224500.0,443442.0
1197,144712000.0,214290000.0,391428.0
1198,106243800.0,134168400.0,378579.0
1199,161498200.0,147438900.0,400531.0
1200,96849000.0,129383100.0,433065.0
1201,83477200.0,121263300.0,409787.0
1202,100506900.0,86777100.0,331703.0
1203,240226800.0,116373300.0,322035.0
1204,262330500.0,103391100.0,375470.0
1205,150712000.0,143639100.0,328295.0
1206,112559200.0,107017200.0,248251.0
1207,115393800.0,98327700.0,96488.0
1208,120639300.0,108863400.0,75335.0
1209,124423700.0,94968900.0,360574.0
1210,89946000.0,97111500.0,366899.0
1211,101988000.0,119979600.0,307494.0
1212,82572600.0,101151000.0,268931.0
1213,111850700.0,84717600.0,360184.0
1214,92276800.0,68059500.0,339535.0
1215,143937800.0,76354200.0,489954.0
1216,146129200.0,67965900.0,568816.0
1217,190272600.0,127533900.0,388971.0
1218,122866900.0,87063300.0,489204.0
1219,107624400.0,103055100.0,410611.0
1220,138235500.0,96429300.0,437000.0
1221,126387100.0,85243500.0,298366.0
1222,114457900.0,65118000.0,411026.0
1223,154515300.0,104499000.0,622921.0
1224,138023400.0,90852600.0,457045.0
1225,112295000.0,52073100.0,443772.0
1226,103162300.0,59565300.0,401031.0
1227,81581900.0,59313300.0,338187.0
1228,91183000.0,80515800.0,378785.0
1229,74271000.0,183564900.0,243677.0
1230,76322100.0,234132000.0,107013.0
1231,74113000.0,187425900.0,88144.0
1232,73604300.0,98735700.0,276340.0
1233,127959300.0,150780900.0,300717.0
1234,113874200.0,160945500.0,418527.0
1235,76499200.0,146790600.0,417182.0
1236,46691300.0,112683300.0,365128.0
1237,169410200.0,189009300.0,370755.0
1238,127728200.0,120310500.0,314919.0
1239,89004200.0,143327100.0,368854.0
1240,78967600.0,127656000.0,350768.0
1241,78260400.0,88203900.0,335453.0
1242,86712000.0,168929100.0,348871.0
1243,82225500.0,192795000.0,332641.0
1244,115089200.0,213873600.0,434976.0
1245,81312200.0,201249600.0,447529.0
1246,86939800.0,139425000.0,367305.0
1247,79184500.0,156121800.0,403543.0
1248,157243700.0,135214500.0,311169.0
1249,98208600.0,126287400.0,275331.0
1250,94359800.0,168810300.0,96536.0
1251,192541500.0,666378600.0,83711.0
1252,121251600.0,174135900.0,478098.0
1253,168904800.0,155148000.0,295737.0
1254,88223700.0,99519000.0,344306.0
1255,54930100.0,68596800.0,167390.0
1256,124486200.0,96835800.0,238462.0
1257,121047300.0,68732400.0,213778.0
1258,96452100.0,128538000.0,266957.0
1259,99116600.0,148949700.0,181894.0
1260,143301900.0,145914600.0,528525.0
1261,97664900.0,96735600.0,643191.0
1262,155088000.0,134100000.0,509365.0
1263,109578200.0,154496700.0,369292.0
1264,105158200.0,225166500.0,499416.0
1265,100384500.0,177904800.0,394822.0
1266,91951100.0,138812100.0,400200.0
1267,88636800.0,99937500.0,429898.0
1268,90221800.0,93798900.0,390087.0
1269,111598500.0,116332800.0,165668.0
1270,90757300.0,76101000.0,125964.0
1271,104319500.0,76997700.0,400301.0
1272,120150900.0,61563300.0,352397.0
1273,114459400.0,60199500.0,437484.0
1274,157611700.0,123520200.0,349076.0
1275,98390600.0,69394800.0,314538.0
1276,140843800.0,82002000.0,442376.0
1277,142621100.0,79134000.0,411406.0
1278,177523800.0,104972400.0,410914.0
1279,106239800.0,76174200.0,416067.0
1280,83305400.0,73038600.0,463718.0
1281,89880900.0,55030500.0,448693.0
1282,84183100.0,47438100.0,381404.0
1283,75693800.0,55699800.0,400833.0
1284,71297200.0,60485100.0,399724.0
1285,76774200.0,45473100.0,514698.0
1286,73046600.0,108648300.0,457535.0
1287,64280000.0,64868400.0,380445.0
1288,60145100.0,71304900.0,480822.0
1289,80576300.0,59406900.0,602332.0
1290,97918500.0,77989500.0,335419.0
1291,96856700.0,53871300.0,132035.0
1292,87668800.0,56874900.0,102427.0
1293,103916400.0,111809100.0,505773.0
1294,158273000.0,199820700.0,570677.0
1295,111039900.0,110301000.0,489933.0
1296,148199500.0,117071700.0,510357.0
1297,164560400.0,123267600.0,472723.0
1298,116307900.0,81408600.0,456679.0
1299,102260900.0,71196600.0,464133.0
1300,112966300.0,90624000.0,465311.0
1301,178155000.0,197758500.0,694628.0
1302,153766600.0,268189500.0,573168.0
1303,154376600.0,155361000.0,533376.0
1304,129525800.0,202569900.0,554564.0
1305,111943300.0,181817100.0,498488.0
1306,103026500.0,108761700.0,441063.0
1307,88105100.0,100751400.0,321714.0
1308,92403800.0,88006800.0,378009.0
1309,115227900.0,96587100.0,317537.0
1310,111932600.0,121117500.0,254724.0
1311,121229700.0,99674400.0,143597.0
1312,185549500.0,128682000.0,84171.0
1313,111912300.0,118536600.0,404370.0
1314,95467100.0,91475700.0,712317.0
1315,88530500.0,101385600.0,566291.0
1316,98844700.0,117674700.0,580105.0
1317,94071200.0,101558400.0,471996.0
1318,80819200.0,85911000.0,449360.0
1319,85671900.0,118297200.0,388188.0
1320,118323800.0,100011900.0,414162.0
1321,75089100.0,105895200.0,605567.0
1322,88651200.0,125528400.0,438864.0
1323,80171300.0,84815400.0,457348.0
1324,83466700.0,78928200.0,475537.0
1325,88844600.0,71772900.0,419913.0
1326,106686700.0,64311300.0,351436.0
1327,91420000.0,87407100.0,410218.0
1328,91266500.0,133958400.0,349733.0
1329,87222800.0,147052200.0,419813.0
1330,89347100.0,83546700.0,243370.0
1331,84922400.0,83938500.0,87795.0
1332,94264200.0,119058600.0,74384.0
1333,94812300.0,106827000.0,476046.0
1334,68847100.0,93646500.0,431486.0
1335,84566500.0,106770900.0,344700.0
1336,78657500.0,85110000.0,345407.0
1337,66905100.0,93115500.0,366865.0
1338,66015800.0,88311000.0,361536.0
1339,107760100.0,66813000.0,387683.0
1340,151101000.0,86536200.0,384489.0
1341,109839500.0,122276100.0,400515.0
1342,75135100.0,81129300.0,285969.0
1343,137564700.0,89217900.0,370208.0
1344,84000900.0,65705700.0,460066.0
1345,78128300.0,83353800.0,389214.0
1346,78973300.0,70407600.0,431417.0
1347,88071200.0,94177200.0,448337.0
1348,126142800.0,139511700.0,514949.0
1349,112172300.0,101470800.0,508519.0
1350,105861300.0,132554700.0,547691.0
1351,81918000.0,100112700.0,383749.0
1352,74244600.0,97171200.0,268476.0
1353,63342900.0,110491800.0,167348.0
1354,92612000.0,118735200.0,101902.0
1355,76857100.0,92463300.0,524168.0
1356,79295400.0,78091800.0,530831.0
1357,63092900.0,103674300.0,466647.0
1358,72009500.0,84017700.0,497394.0
1359,56575900.0,85917900.0,376207.0
1360,94625600.0,79111800.0,337542.0
1361,71311100.0,68211000.0,390461.0
1362,67637100.0,54254700.0,570985.0
1363,59278900.0,69908400.0,332995.0
1364,76229200.0,90335700.0,351367.0
1365,75169300.0,72110700.0,326250.0
1366,71057600.0,67631100.0,365621.0
1367,74403800.0,78160200.0,441302.0
1368,56877900.0,49753800.0,410820.0
1369,71186400.0,71758800.0,492464.0
1370,53522400.0,48615900.0,563575.0
1371,96906500.0,61272000.0,319639.0
1372,62746300.0,53292300.0,336035.0
1373,91815000.0,66432300.0,426775.0
1374,96721700.0,68104200.0,373780.0
1375,108953300.0,73682700.0,139584.0
1376,79663300.0,74438100.0,123662.0
1377,74783600.0,57476700.0,498555.0
1378,60214200.0,93297600.0,429207.0
1379,68711000.0,137947200.0,334833.0
1380,70783700.0,97490100.0,364721.0
1381,62111300.0,64884600.0,354701.0
1382,64556100.0,52143900.0,321448.0
1383,63261400.0,56774700.0,383626.0
1384,52485800.0,55903500.0,615678.0
1385,78852600.0,81163500.0,377531.0
1386,108181800.0,69853500.0,714044.0
1387,104911600.0,56376000.0,607971.0
1388,105575500.0,68319900.0,529690.0
1389,99890800.0,54421500.0,422154.0
1390,76299700.0,77781000.0,397931.0
1391,100827100.0,62898300.0,444078.0
1392,127050800.0,64923600.0,528360.0
1393,106820300.0,60628800.0,368679.0
1394,93251400.0,49113000.0,133926.0
1395,121434600.0,63891300.0,82565.0
1396,96350000.0,46461300.0,561629.0
1397,74993500.0,41859900.0,503030.0
1398,77338200.0,45317100.0,435181.0
1399,71447400.0,43814700.0,274778.0
1400,72434100.0,76009800.0,395743.0
1401,104818600.0,98439900.0,333123.0
1402,118931200.0,48019800.0,318911.0
1403,56699500.0,91183800.0,294462.0
1404,70440600.0,88969200.0,303700.0
1405,62880000.0,100847400.0,448200.0
1406,64786600.0,64860900.0,509938.0
1407,56368300.0,51007800.0,582924.0
1408,46397700.0,38758800.0,416331.0
1409,54126800.0,46869000.0,537136.0
1410,48908700.0,44145900.0,598381.0
1411,69023100.0,40296900.0,452126.0
1412,48493500.0,29401800.0,513292.0
1413,72282600.0,52377300.0,352465.0
1414,59375000.0,50194500.0,272033.0
1415,103296000.0,68032200.0,334844.0
1416,92229700.0,71163900.0,235303.0
1417,86326000.0,61048200.0,121197.0
1418,86960300.0,42940500.0,88237.0
1419,60549600.0,44525700.0,365009.0
1420,60131800.0,60794700.0,397290.0
1421,48606400.0,39249300.0,335888.0
1422,58991300.0,37936800.0,353742.0
1423,48597200.0,39642900.0,344286.0
1424,55802400.0,41501400.0,326056.0
1425,90956700.0,55812600.0,360797.0
1426,86453100.0,62566200.0,325853.0
1427,80313700.0,39612900.0,399497.0
1428,71115500.0,38331900.0,403314.0
1429,57808700.0,45738300.0,313086.0
1430,82278300.0,60119400.0,481704.0
1431,74420200.0,56379000.0,389325.0
1432,57305700.0,42233100.0,556451.0
1433,140893200.0,45552600.0,411079.0
1434,102404300.0,68857500.0,390939.0
1435,109296300.0,55574700.0,414231.0
1436,83281300.0,46073100.0,418665.0
1437,68034100.0,41770200.0,298412.0
1438,129868800.0,84612600.0,119933.0
1439,123478900.0,74273100.0,75837.0
1440,75834000.0,48992100.0,393403.0
1441,76404300.0,45378900.0,381061.0
1442,64838200.0,35842500.0,403405.0
1443,53477900.0,64119000.0,350382.0
1444,74150700.0,84212100.0,417829.0
1445,108972300.0,76144200.0,476143.0
1446,74602000.0,62828700.0,424193.0
1447,89056700.0,53868000.0,583189.0
1448,94639600.0,51094200.0,388996.0
1449,98322000.0,91449900.0,458006.0
1450,80861100.0,55297800.0,449617.0
1451,83221100.0,43898400.0,459055.0
1452,61732700.0,57587400.0,545008.0
1453,58773200.0,50215800.0,662010.0
1454,64452200.0,42600900.0,653756.0
1455,73035900.0,66060000.0,598181.0
1456,78762700.0,42360300.0,487220.0
1457,69907100.0,36741600.0,399813.0
1458,67940300.0,56773800.0,277953.0
1459,85589200.0,72621600.0,134098.0
1460,76378900.0,52143300.0,82607.0
1461,58418800.0,42096300.0,530693.0
1462,61421000.0,94444500.0,567503.0
1463,58883400.0,68642400.0,465355.0
1464,50720600.0,188556300.0,568725.0
1465,60893400.0,187245000.0,467716.0
1466,56094900.0,115579500.0,529952.0
1467,100077900.0,81639600.0,491585.0
1468,124953200.0,89755200.0,507309.0
1469,74588300.0,168146100.0,412309.0
1470,69122000.0,128213400.0,429608.0
1471,54511500.0,103885500.0,546577.0
1472,60394600.0,76192200.0,701119.0
1473,65463900.0,64886400.0,531054.0
1474,55020900.0,100337100.0,393953.0
1475,56787900.0,177317400.0,504832.0
1476,65187100.0,128408100.0,555215.0
1477,41000000.0,67189800.0,475436.0
1478,63804000.0,76719300.0,390304.0
1479,59222800.0,104326800.0,343484.0
1480,59256200.0,79627200.0,325668.0
1481,88807000.0,94336200.0,174471.0
1482,137827700.0,62696700.0,83984.0
1483,117305600.0,64926900.0,623448.0
1484,117467900.0,99217500.0,465768.0
1485,96041900.0,108515100.0,506987.0
1486,69463600.0,67680600.0,328848.0
1487,,,328848.0
1488,76959800.0,35042700.0,844630.0
1489,88748200.0,58393500.0,675090.0
1490,174048100.0,81276000.0,722475.0
1491,152052500.0,68450400.0,602447.0
1492,136739200.0,73114800.0,668293.0
1493,118023100.0,92322000.0,449974.0
1494,107497000.0,81663000.0,401060.0
1495,120405400.0,56084700.0,496528.0
1496,116998900.0,41906400.0,464846.0
1497,108923700.0,59438400.0,393205.0
1498,115402700.0,59664300.0,397883.0
1499,153237000.0,78595500.0,406604.0
1500,139380400.0,70806300.0,359454.0
1501,131063300.0,75169200.0,294337.0
1502,150185800.0,82771500.0,142541.0
1503,195432700.0,100437300.0,78125.0
1504,107499100.0,56480100.0,492217.0
1505,91185900.0,71517900.0,358779.0
1506,92135300.0,93634200.0,306709.0
1507,68356600.0,92713200.0,270223.0
1508,74919600.0,71145900.0,268490.0
1509,79144300.0,60324000.0,249728.0
1510,62348900.0,56154000.0,283557.0
1511,59773000.0,47040900.0,231163.0
1512,64062300.0,40733700.0,237118.0
1513,104487900.0,103931400.0,317628.0
1514,99310400.0,100248300.0,372848.0
1515,94537600.0,80119800.0,397898.0
1516,96904000.0,90336600.0,476665.0
1517,86709100.0,84164700.0,414434.0
1518,106765600.0,91815000.0,389956.0
1519,76138300.0,66063300.0,481815.0
1520,74805200.0,83739000.0,420619.0
1521,84505800.0,97209900.0,364769.0
1522,80440800.0,72924300.0,364442.0
1523,90956700.0,66743400.0,163643.0
1524,94815000.0,75442500.0,113153.0
1525,91420500.0,70488600.0,532202.0
1526,122848900.0,103416000.0,509103.0
1527,162294600.0,151565700.0,511695.0
1528,115798400.0,86595900.0,507219.0
1529,108275300.0,104867400.0,459642.0
1530,121954600.0,147109500.0,427804.0
1531,179935700.0,134789100.0,436172.0
1532,115541600.0,104436000.0,359080.0
1533,86213900.0,73138200.0,376841.0
1534,84914300.0,66792900.0,456863.0
1535,89418100.0,78855600.0,465771.0
1536,82465400.0,73625400.0,410926.0
1537,77251200.0,60994500.0,497754.0
1538,74829200.0,50729100.0,467386.0
1539,71285000.0,52259400.0,445618.0
1540,90865900.0,66126900.0,492091.0
1541,98670700.0,79645800.0,554423.0
1542,86185500.0,67756500.0,467071.0
1543,62527400.0,57286200.0,442641.0
1544,61177400.0,51294300.0,401453.0
1545,69589300.0,55178400.0,212552.0
1546,82772700.0,68501700.0,150382.0
1547,91162800.0,83288100.0,789041.0
1548,90009200.0,95256900.0,440574.0
1549,141147500.0,135322200.0,872244.0
1550,91974200.0,76067700.0,523793.0
1551,95056600.0,99006900.0,490796.0
1552,83474400.0,74766900.0,698814.0
1553,79724800.0,74643300.0,651853.0
1554,76678400.0,61623600.0,592031.0
1555,83737200.0,66999600.0,493875.0
1556,96418800.0,72494100.0,576022.0
1557,131148300.0,80399100.0,583106.0
1558,91454900.0,59184000.0,594773.0
1559,105342000.0,58648500.0,437924.0
1560,96970100.0,67037100.0,368194.0
1561,108732100.0,71152200.0,344184.0
1562,92964300.0,66841200.0,401690.0
1563,102300200.0,84028800.0,293947.0
1564,75615400.0,66582900.0,210763.0
1565,123511700.0,100414200.0,74247.0
1566,95811400.0,81981600.0,77217.0
1567,81532000.0,105868500.0,318629.0
1568,98062700.0,120676200.0,289182.0
1569,90131400.0,68920800.0,307238.0
1570,80546200.0,62031600.0,320304.0
1571,90371900.0,102506100.0,372251.0
1572,100589400.0,73614900.0,387200.0
1573,92633200.0,59865000.0,284544.0
1574,103049300.0,48992700.0,450845.0
1575,78751300.0,54263100.0,324777.0
1576,76468400.0,82035900.0,288131.0
1577,73401800.0,80075100.0,280283.0
1578,89058800.0,89348400.0,366036.0
1579,77594700.0,79447200.0,367318.0
1580,76575500.0,55013700.0,310082.0
1581,72246700.0,59357100.0,315873.0
1582,79265200.0,65976000.0,329037.0
1583,70618900.0,55121100.0,312502.0
1584,75329400.0,58422300.0,244952.0
1585,69023900.0,51715200.0,68489.0
1586,67723800.0,49847700.0,71792.0
1587,67929800.0,70711200.0,299028.0
1588,87227800.0,105416400.0,280321.0
1589,84882400.0,69696600.0,246116.0
1590,96046400.0,68341200.0,328153.0
1591,95623200.0,136133700.0,351850.0
1592,88063200.0,76956300.0,278781.0
1593,130216800.0,124948500.0,312064.0
1594,131747600.0,88133100.0,294386.0
1595,123055300.0,75781500.0,261878.0
1596,88966500.0,63709500.0,239266.0
1597,108256500.0,81643800.0,272909.0
1598,130525300.0,92519100.0,286916.0
1599,116124600.0,72903000.0,294278.0
1600,131577900.0,90810300.0,368183.0
1601,115366700.0,84401700.0,389750.0
1602,142689800.0,97224600.0,382701.0
1603,182602000.0,140313000.0,323547.0
1604,113990900.0,92150700.0,240989.0
1605,86643800.0,86098500.0,289127.0
1606,78336300.0,80236200.0,252630.0
1607,109742900.0,87811800.0,103669.0
1608,136095600.0,90296700.0,68511.0
1609,137426100.0,144973200.0,229930.0
1610,117726300.0,88903500.0,215623.0
1611,104132700.0,89092500.0,224794.0
1612,92482700.0,92139300.0,191370.0
1613,90601500.0,106003200.0,234752.0
1614,90978500.0,89295000.0,217281.0
1615,103718400.0,101914500.0,440796.0
1616,74286600.0,77247900.0,290530.0
1617,72348100.0,93473100.0,327600.0
1618,88570300.0,112393800.0,240831.0
1619,71598400.0,84204600.0,246825.0
1620,67808200.0,72808500.0,341694.0
1621,53950200.0,76210500.0,340591.0
1622,69473000.0,96491400.0,293295.0
1623,91437900.0,97536600.0,352906.0
1624,122207100.0,102767400.0,372403.0
1625,84784300.0,97988700.0,366320.0
1626,91533000.0,119131800.0,301750.0
1627,108123900.0,107390700.0,162543.0
1628,134520300.0,92641800.0,103149.0
1629,,,103149.0
1630,81000500.0,122793000.0,427262.0
1631,73409200.0,101107500.0,432724.0
1632,72433800.0,104202600.0,346362.0
1633,89116800.0,95770800.0,321591.0
1634,70207900.0,89178300.0,282914.0
1635,67083400.0,90391200.0,306748.0
1636,66242400.0,82897200.0,322060.0
1637,98964500.0,94600500.0,362890.0
1638,71051600.0,74460300.0,305338.0
1639,73353800.0,84581100.0,594215.0
1640,74064300.0,71853600.0,444106.0
1641,66253700.0,81930600.0,379861.0
1642,64547800.0,101854200.0,327461.0
1643,63141600.0,99241200.0,348566.0
1644,77588800.0,87930900.0,398552.0
1645,71185600.0,97954500.0,347193.0
1646,78140700.0,78557400.0,387528.0
1647,76259900.0,69683100.0,240766.0
1648,81420900.0,82537500.0,84669.0
1649,82982400.0,80890200.0,63149.0
1650,64823400.0,88864200.0,315620.0
1651,65086600.0,142032300.0,318911.0
1652,66675400.0,103472700.0,307568.0
1653,53623900.0,64073400.0,278998.0
1654,55138700.0,66820800.0,310043.0
1655,78620700.0,88110000.0,321903.0
1656,81378700.0,84723000.0,318403.0
1657,101786900.0,95313000.0,349374.0
1658,67829400.0,117042900.0,365293.0
1659,59907000.0,95577600.0,328538.0
1660,82507500.0,80091000.0,395099.0
1661,55474100.0,72256200.0,334931.0
1662,56697000.0,113172900.0,350016.0
1663,60276900.0,98994000.0,340157.0
1664,63135500.0,86244600.0,347045.0
1665,70170500.0,94918800.0,383766.0
1666,57149200.0,70155000.0,341234.0
1667,68039400.0,79657200.0,264953.0
1668,54091700.0,89359200.0,275443.0
1669,56377100.0,88136400.0,305366.0
1670,79542000.0,68766000.0,230346.0
1671,62290100.0,47500500.0,80029.0
1672,70346300.0,61395300.0,58714.0
1673,69026800.0,55843200.0,352665.0
1674,54147100.0,63984900.0,285607.0
1675,53841500.0,57259800.0,320388.0
1676,51218200.0,53230000.0,279877.0
1677,78961000.0,57163900.0,288392.0
1678,73314000.0,41864700.0,283463.0
1679,77906200.0,50541800.0,386272.0
1680,87991100.0,52107300.0,344147.0
1681,74229900.0,54287000.0,305106.0
1682,76957800.0,50890100.0,277533.0
1683,73714800.0,55860000.0,420255.0
1684,87449600.0,50028900.0,380781.0
1685,84923800.0,53713100.0,342763.0
1686,68028800.0,54338100.0,305188.0
1687,104956000.0,48674600.0,275104.0
1688,122656600.0,68229600.0,347998.0
1689,87965400.0,72628700.0,335381.0
1690,90481100.0,64795500.0,235358.0
1691,162278800.0,87087800.0,87829.0
1692,81474200.0,60231200.0,59626.0
1693,107689800.0,61642800.0,279813.0
1694,101696800.0,62555700.0,339683.0
1695,86652500.0,70545400.0,303492.0
1696,96029900.0,63748400.0,334271.0
1697,93339400.0,58076900.0,280927.0
1698,84442700.0,61925200.0,283614.0
1699,146691400.0,54664800.0,324678.0
1700,128138200.0,77620600.0,286126.0
1701,124925300.0,67726600.0,253154.0
1702,114311700.0,98363500.0,287168.0
1703,87830100.0,109578500.0,302549.0
1704,79471000.0,86982700.0,329790.0
1705,68402200.0,69298400.0,235296.0
1706,85925600.0,83916800.0,429162.0
1707,74899000.0,67925000.0,289508.0
1708,77033700.0,77013200.0,333158.0
1709,70433700.0,66860700.0,332271.0
1710,113224000.0,91483000.0,298032.0
1711,88598000.0,94124500.0,237026.0
1712,85250900.0,79428800.0,172020.0
1713,99136600.0,75891900.0,97304.0
1714,61758300.0,66571500.0,71309.0
1715,64522000.0,117798100.0,338344.0
1716,86548600.0,75713800.0,272803.0
1717,75981900.0,100446800.0,250726.0
1718,74732300.0,96507900.0,240441.0
1719,88194300.0,85012500.0,287182.0
1720,109180200.0,61638800.0,292556.0
1721,164762400.0,69152400.0,263404.0
1722,97943200.0,61554300.0,285342.0
1723,80379300.0,62688800.0,274321.0
1724,93604600.0,63070300.0,280961.0
1725,97918500.0,56538800.0,239816.0
1726,140814800.0,98622200.0,354060.0
1727,83374600.0,93916500.0,322419.0
1728,89908500.0,128803400.0,344223.0
1729,74917800.0,127062700.0,388301.0
1730,118854000.0,132703000.0,340007.0
1731,93979700.0,114403600.0,301664.0
1732,73374100.0,92226600.0,315450.0
1733,89868300.0,91293800.0,331709.0
1734,64218300.0,66567600.0,225668.0
1735,80389400.0,64336000.0,138476.0
1736,74829600.0,76048900.0,96583.0
1737,58724100.0,92882700.0,475104.0
1738,51804100.0,78452300.0,269615.0
1739,58301400.0,109536700.0,379145.0
1740,35195900.0,50672700.0,266451.0
1741,69246000.0,92905200.0,405033.0
1742,83763800.0,83357100.0,381869.0
1743,111380900.0,109186400.0,287534.0
