,SONY,RBLX,NVDA,U,SPOT
0,846200,,16630000,,
1,1229900,,11368000,,
2,1083100,,19795200,,
3,2209100,,19776400,,
4,2486300,,32180800,,
5,1296500,,28378000,,
6,3013200,,20954000,,
7,1995900,,19073200,,
8,1777500,,23672000,,
9,2420600,,15526000,,
10,2456900,,18893200,,
11,2586900,,18151200,,
12,1063300,,14030800,,
13,4272800,,14478000,,
14,1923700,,15971200,,
15,2962800,,12041600,,
16,3593400,,13324000,,
17,1649500,,35794800,,
18,3503900,,27272800,,
19,2570800,,23534000,,
20,2265800,,29820000,,
21,1627100,,25960400,,
22,2044200,,18346800,,
23,9220200,,18151600,,
24,3566500,,14044800,,
25,1929500,,21052400,,
26,2391900,,27394400,,
27,2161800,,22620400,,
28,1556900,,32083200,,
29,2915700,,67690400,,
30,1552200,,31008400,,
31,2228800,,20334000,,
32,5021600,,17094800,,
33,2576200,,16943200,,
34,2266200,,15775200,,
35,1468400,,12500800,,
36,1686300,,14935600,,
37,983100,,12382000,,
38,1228700,,15286400,,
39,1668400,,15749200,,
40,1209700,,30151200,,
41,1238200,,16034400,,
42,1003900,,22684000,,
43,1216800,,32305600,,
44,1421800,,25739200,,
45,1011200,,22238800,,
46,1540000,,52721200,,
47,1519100,,26212000,,
48,1190100,,40697200,,
49,1511000,,35928800,,
50,2378800,,23695600,,
51,1860100,,29990000,,
52,2444300,,41384400,,
53,1054600,,31075600,,
54,1455200,,46208400,,
55,1253400,,42601200,,
56,943800,,33048000,,
57,2656900,,54255200,,
58,1129900,,31192000,,
59,839300,,31828800,,
60,1368800,,25325200,,
61,1751300,,35727600,,
62,1918600,,33076800,,
63,1661400,,19220400,,
64,2452800,,51586400,,
65,1581700,,41396400,,
66,1370300,,36643200,,
67,1658100,,37943200,,
68,2192900,,25872800,,
69,1395200,,23672400,,
70,2717100,,22027600,,
71,4385700,,24356000,,
72,2524300,,15528400,,
73,3535300,,29363600,,
74,1042700,,23162400,,
75,1867500,,23045600,,
76,3774300,,20742000,,
77,4146600,,25938000,,
78,3291100,,24096000,,
79,1472600,,24845600,,
80,957100,,23448400,,
81,1089200,,19515600,,
82,1271100,,21884400,,
83,1366400,,25696800,,
84,1223000,,20072000,,
85,1653600,,29292800,,
86,1977500,,31648400,,
87,998600,,53456400,,
88,958500,,114655200,,
89,890300,,54414400,,
90,2997000,,38880000,,
91,3731100,,30852400,,
92,2221000,,29305200,,
93,1598700,,21582400,,
94,646900,,32497200,,
95,1594000,,25380800,,
96,940500,,19682400,,
97,982000,,23969200,,
98,1055400,,21259200,,
99,1240900,,25973200,,
100,1011300,,43233200,,
101,1727500,,32765600,,
102,734900,,33516800,,
103,1367100,,37266000,,
104,1712300,,22430400,,
105,1321700,,25078800,,
106,1221900,,32371200,,
107,1389900,,31332000,,
108,1286900,,34281200,,
109,1550100,,25688800,,
110,864100,,52946000,,
111,746000,,28305200,,
112,621300,,32372800,,
113,1010400,,30654800,,
114,748200,,25689200,,
115,1066600,,23354400,,
116,563900,,29940400,,
117,721000,,35565600,,
118,787400,,51423600,,
119,712800,,41406400,,
120,734500,,25336800,,
121,1122200,,35046000,,
122,936700,,42129600,,
123,1250900,,39172400,,
124,2841600,,31591600,,
125,1106900,,30289200,,
126,761400,,14576400,,
127,695000,,21477600,,
128,1178300,,59425200,,
129,1531100,,33249200,,
130,2573300,,35758800,,
131,4510400,,21670800,,
132,6232100,,21247200,,
133,1555200,,24921600,,
134,1260000,,26573200,,
135,1412900,,28284800,,
136,1064300,,22037200,,
137,1392300,,18841200,,
138,3538200,,14972000,,
139,996900,,35647200,,
140,1516900,,16991600,,
141,2232700,,18884400,,
142,2822600,,19242000,,
143,994800,,19830800,,
144,985200,,23268000,,
145,2118400,,19018000,,
146,1106800,,21834000,,
147,1447500,,39713200,,
148,1361600,,26010000,,
149,1342100,,23462800,,
150,1151300,,65567600,,
151,624200,,140524800,,
152,673700,,66230400,,
153,1059800,,43500800,,
154,1082200,,38404800,,
155,742800,,27688400,,
156,381200,,21465200,,
157,502500,,27388000,,
158,448200,,28708400,,
159,1022800,,24924800,,
160,1425200,,42693200,,
161,1531300,,38266400,,
162,2291000,,68228400,,
163,1651800,,62268400,,
164,2491000,,61497600,,
165,1866700,,46376400,,
166,1321600,,32094400,,
167,1275500,,21935200,,
168,1410100,,35340800,,
169,876400,,34404400,,
170,1714100,,26255600,,
171,1040900,,28797200,,
172,1618500,,23844800,,
173,1786200,,28939200,,
174,1560000,,35707600,,
175,1408600,,30158400,,
176,709800,,19246000,,
177,1082800,,32797600,,
178,1127000,,17350800,,
179,1484900,,26871200,,
180,1247600,,32641200,,
181,735100,,28184000,,
182,1215200,,22835600,,
183,1825400,,16163200,,
184,2705000,,38244000,,
185,1504100,,36969200,,
186,3395700,,39558400,,
187,1673500,,38073600,,
188,1074000,,55638000,,
189,1582000,,48929600,,
190,2212600,,38614400,,
191,1831300,,48202400,,
192,929900,,45321600,,
193,593300,,31015200,,
194,1677200,,46006800,,
195,654600,,42324800,,
196,746900,,22758800,,
197,384200,,29844400,,
198,477700,,61214800,,
199,776700,,52604800,,
200,770400,,44839600,,
201,796400,,29471200,,
202,563600,,26482400,,
203,1438500,,38628000,,
204,1493700,,30688400,,
205,1624500,,38177600,,
206,1271700,,24743600,,
207,776400,,20826800,,
208,951800,,21703600,,
209,1884900,,32716800,,
210,718600,,30116000,,
211,714100,,19008800,,
212,680400,,37676800,,
213,886700,,44226400,,
214,536700,,47880000,,
215,904500,,117227200,,
216,661800,,49256800,,
217,481500,,55226000,,
218,568200,,61989600,,
219,528800,,29108000,,
220,771500,,29294000,,
221,632200,,34428000,,
222,1471000,,25704800,,
223,935100,,35021600,,
224,567400,,25407200,,
225,520100,,23974400,,
226,645500,,24255200,,
227,673700,,19542800,,
228,626200,,13830000,,
229,212100,,8699600,,
230,882400,,32724400,,
231,603100,,40949600,,
232,2038500,,29424000,,
233,1750700,,24665600,,
234,1432100,,45875600,,
235,478700,,33358800,,
236,1280100,,31448800,,
237,1375500,,37267600,,
238,936500,,23659600,,
239,1308200,,22732000,,
240,1906100,,27589200,,
241,1973400,,30729600,,
242,2199300,,23635600,,
243,981400,,25416000,,
244,1159500,,39589600,,
245,1472100,,28421600,,
246,989500,,13001200,,
247,1130200,,12252400,,
248,467400,,5244800,,
249,590100,,14202400,,
250,657600,,20366000,,
251,344900,,18034400,,
252,688900,,14852800,,
253,2482200,,35807600,,
254,3482600,,49027200,,
255,5280900,,44934400,,
256,2109400,,64530400,,
257,1869600,,39847200,,
258,2392400,,40937200,,
259,2060500,,46935600,,
260,2372000,,48167200,,
261,3010700,,60023600,,
262,1662000,,84145200,,
263,2170200,,45714000,,
264,2711600,,48118000,,
265,1303000,,48145600,,
266,1689200,,25799600,,
267,1177500,,27072800,,
268,1078300,,22794400,,
269,739900,,23170000,,
270,2452800,,27677600,,
271,5517000,,31050400,,
272,1908700,,28988400,,
273,2829000,,34190800,,
274,1575300,,32677200,,
275,980700,,34814000,,
276,1225500,,60042800,,
277,1545200,,60885200,,
278,3052300,,42537200,,
279,963800,,33580000,,
280,1243500,,34014400,,
281,1160900,,34081600,,
282,1274300,,48535200,,
283,1084600,,77146800,,
284,603500,,106866000,,
285,749700,,52562800,,
286,547700,,44966800,,
287,1149700,,36938000,,
288,670700,,33685200,,
289,1050900,,34961600,,
290,2366400,,36196400,,
291,1138500,,32334400,,
292,1072800,,34870000,,
293,1638200,,23381200,,
294,5248300,,30200400,,
295,1671000,,17530400,,
296,2042500,,23996800,,
297,1477800,,27494000,,
298,1527600,,22278800,,
299,2391400,,28608400,,
300,1414400,,27740000,,
301,799100,,19031200,,
302,660200,,22621600,,
303,1382800,,36364400,,
304,2838900,,35368000,,
305,1062700,,54551200,,
306,957400,,33778000,,
307,819600,,24201200,,
308,816800,,42900800,,
309,860400,,24495600,,
310,819700,,26538800,,
311,1163800,,26181200,,
312,957600,,37670000,,
313,459900,,37988400,,
314,1242800,,34829200,,
315,2136300,,39394000,,
316,4076900,,33956800,,
317,1528300,,45337600,,
318,1231400,,37810400,,
319,979600,,25593600,,
320,2463400,,38752400,,
321,2373300,,29276400,,
322,1150400,,35071600,,
323,1499400,,41656400,,
324,1709300,,43697200,,
325,2942000,,30732000,,
326,1187000,,30915200,,
327,1665900,,20017200,,
328,2830100,,17828000,,
329,2935500,,22354000,,
330,1500300,,19197200,,
331,722300,,21453600,,
332,1110500,,35239600,,
333,2232100,,38122400,,
334,2256700,,32190400,,
335,1242000,,25607600,,
336,957600,,22402400,,
337,3020900,,52576400,,
338,3336900,,24688400,,
339,2335700,,18324000,,
340,734900,,33333600,,
341,1134600,,26967600,,
342,1713800,,32817600,,
343,2598100,,67054000,,
344,3034000,,211025600,,
345,1496100,,97303200,,
346,1391200,,62839200,,
347,1686500,,54107200,,
348,849600,,39888000,,
349,566300,,39108400,,
350,533000,,41363600,,
351,3613300,,41578800,,
352,2512000,,45807600,,
353,1050200,,30996400,,
354,597100,,27741600,,
355,1292700,,41252400,,
356,631900,,38713200,,
357,592300,,32920800,,
358,1625300,,46107600,,
359,1044300,,32251200,,
360,773500,,19340000,,
361,962500,,23461600,,
362,776900,,47216800,,
363,888700,,40002400,,
364,1130400,,47558800,,
365,1140400,,29834400,,
366,808200,,30103600,,
367,995100,,24645600,,
368,992400,,47100000,,
369,918300,,29376800,,
370,1300800,,21250800,,
371,1061400,,20262000,,
372,828000,,29788000,,
373,2464600,,101768400,,
374,1694100,,44908800,,
375,1327800,,38192000,,
376,2147200,,31893200,,
377,1341200,,43094000,,
378,1062300,,21848800,,
379,1166300,,37108400,,
380,1757500,,27310400,,
381,1752900,,39540000,,
382,1086700,,48193200,,
383,1984400,,44877600,,
384,2595200,,43676000,,
385,2054700,,32460400,,
386,1540300,,31689200,,
387,1021200,,42861600,,
388,845200,,25299200,,
389,730400,,38265200,,
390,484400,,29646000,,
391,1053800,,36130800,,
392,456500,,31576800,,
393,1163800,,31252800,,
394,642400,,51450800,,
395,743100,,44667600,,
396,1465000,,22191600,,
397,3656400,,40958800,,
398,1797000,,30112000,,
399,1130900,,28274800,,
400,788200,,29982800,,
401,921400,,27271200,,
402,646900,,37158800,,
403,827100,,30506400,,
404,815600,,37234400,,
405,813600,,37574000,,
406,915700,,68106400,,
407,672900,,142574400,,
408,753500,,57330400,,
409,406500,,28765200,,
410,1026500,,59521200,,
411,1223000,,33168400,,
412,1219100,,29156000,,
413,725300,,24474800,,
414,813700,,33976400,,
415,962400,,29844800,,
416,742900,,40603200,,
417,984400,,30002400,,
418,997700,,27465200,,
419,661900,,28554400,,
420,840900,,38854400,,
421,1112300,,42849200,,
422,914300,,32314800,,
423,956100,,30681200,,
424,1099200,,39798800,,
425,993600,,31580800,,
426,1047500,,69776000,,
427,1495100,,59826000,,
428,1017500,,47176800,,
429,543600,,31904800,,
430,608800,,51521200,,
431,1057200,,90244400,,
432,552900,,41712800,,
433,952100,,33111200,,
434,1331600,,33621200,,
435,971400,,30873200,,
436,789800,,27613200,,
437,855900,,23004000,,
438,765700,,40275200,,
439,705800,,31978800,,
440,873900,,33668400,,
441,1400500,,42993200,,
442,982400,,24259600,,
443,988600,,28162400,,
444,554700,,30544000,,
445,815800,,36021200,,
446,547400,,28626000,,
447,648700,,28787600,,
448,710500,,38854000,,
449,566000,,41992000,,
450,1451800,,39011600,,
451,1168900,,33063600,,
452,484700,,19532800,,
453,657100,,26937200,,
454,612200,,19906000,,
455,491900,,31208400,,
456,1074100,,27950800,,
457,557900,,33983600,,
458,832800,,39746000,,
459,1380700,,33379200,,
460,747800,,38866400,,
461,1106700,,29085600,,
462,1567900,,25238800,,
463,2555200,,47322400,,
464,1881300,,29584800,,
465,985900,,30966400,,
466,1142100,,32878000,,
467,2213000,,48758000,,
468,1131000,,42988400,,
469,1160400,,45653200,,
470,2614700,,86928000,,
471,1133000,,217534400,,
472,1026400,,134879600,,
473,814600,,62609200,,
474,778700,,98798400,,
475,700500,,83298800,,
476,883700,,57606000,,
477,563400,,43643600,,
478,833600,,33036800,,
479,369300,,44323600,,
480,316900,,19556400,,
481,468000,,27873600,,
482,443400,,44456800,,
483,750000,,44050000,,
484,1456800,,103552400,,
485,952600,,47829200,,
486,940500,,60228400,,
487,656300,,49879600,,
488,789700,,48080400,,
489,2029000,,38154400,,
490,895900,,38231200,,
491,1056100,,60133200,,
492,806200,,38779600,,
493,876300,,98398000,,
494,765900,,74654800,,
495,869400,,108952800,,
496,711100,,74465600,,
497,356600,,84805600,,
498,404600,,57613600,,
499,852200,,71861200,,
500,331400,,64769200,,
501,402400,,119427200,,
502,355900,,229576400,,
503,431400,,217536800,,
504,645300,,121293200,,
505,894900,,150199600,,
506,910500,,119922000,,
507,1027500,,98429600,,
508,964800,,82285600,,
509,648700,,91624800,,
510,848200,,88092000,,
511,1217100,,52566400,,
512,2038600,,62561600,,
513,805300,,45782000,,
514,741400,,58061200,,
515,571700,,65442400,,
516,825200,,64487200,,
517,796800,,49202400,,
518,538900,,36990400,,
519,493100,,42805200,,
520,795500,,52276000,,
521,946700,,45880000,,
522,703100,,47199600,,
523,1885900,,49600400,,
524,1070600,,36275600,,
525,868400,,59000400,,
526,2153500,,48324000,,
527,1034600,,37274400,,
528,629400,,50676800,,
529,598600,,74622400,,
530,606300,,44958000,,
531,490600,,84256800,,
532,518700,,165109200,,
533,664100,,118072400,,
534,550000,,85063200,,
535,628600,,37302000,,
536,654000,,64717600,,
537,756000,,56374000,,
538,727200,,55195200,,
539,668100,,43377200,,
540,958900,,159288800,,
541,535300,,102990400,,
542,686400,,71540000,,
543,826700,,62536000,,
544,1103400,,50480400,,
545,1097800,,75433200,,
546,952800,,86469200,,
547,537800,,88356800,,
548,476400,,60340000,,
549,367800,,63871200,,
550,558000,,47806000,,
551,1190100,,49974000,,
552,642200,,77413600,,
553,431500,,52201600,,
554,631200,,61503600,,
555,592300,,52310000,,
556,418600,,111968800,,
557,338200,,74856800,,
558,681500,,91348400,,
559,435300,,61676400,,
560,621200,,53394000,,
561,527500,,43950000,,
562,504500,,50664400,,
563,343600,,43244400,,
564,945200,,34999200,,
565,819700,,52553200,,
566,647000,,44080800,,
567,831300,,44523200,,
568,591600,,127128000,,
569,714700,,74704800,,
570,518500,,63512000,,
571,523500,,42906800,,
572,530500,,75633200,,
573,930400,,61814800,,
574,618200,,41409200,,
575,540800,,50689200,,
576,515400,,49729200,,
577,551000,,37011600,,
578,918700,,38082800,,
579,1241000,,40401600,,
580,2161000,,34189600,,
581,1472300,,37182000,,
582,892400,,38844000,,
583,865200,,32700400,,
584,717900,,31970000,,
585,976800,,34824800,,
586,830500,,30773200,,
587,986500,,62997200,,
588,855900,,33690400,,
589,657700,,20978800,,
590,881500,,22842800,,
591,828100,,36524000,,
592,1016100,,84767200,,
593,893900,,212909600,,
594,696200,,193979200,,
595,529400,,96262000,,
596,768000,,108754000,,
597,742700,,112070000,,
598,1433500,,127136800,,
599,948900,,115603200,,
600,971000,,101837200,,
601,644500,,83660800,,
602,537700,,68124800,,
603,1047100,,81599600,,
604,1718400,,60822800,,
605,2708800,,77914000,,
606,2067900,,98965200,,
607,1047000,,88731600,,
608,1132100,,50334000,,
609,1375200,,48745600,,
610,717400,,81737600,,
611,883400,,75872800,,
612,1060400,,61261200,,
613,1143400,,116174400,,
614,2285400,,369292800,,
615,1263700,,169753200,,
616,817100,,167250400,,
617,748500,,118464000,,
618,996300,,96382400,,
619,809100,,92496000,,
620,1399800,,77817600,,
621,563300,,109544400,,
622,486400,,68265200,,
623,401400,,46913200,,
624,483800,,108858800,,
625,1065200,,106396000,,
626,1067400,,99949200,,
627,846800,,99494800,,
628,802600,,106442400,,
629,925900,,73106000,,
630,632700,,70907200,,
631,1021300,,82018800,,
632,646800,,74628400,,
633,1141400,,65497200,,
634,804500,,95849200,,
635,1290800,,75795600,,
636,999200,,114520800,,
637,523700,,136913200,,
638,529400,,94194800,,
639,535700,,93079200,,
640,474200,,77664000,,
641,1153400,,68704400,,
642,794400,,69959600,,
643,610800,,64833200,,
644,766400,,65252400,,
645,830600,,49655600,,
646,494300,,64040400,,
647,1455700,,78285600,,
648,583100,,51334800,,
649,578500,,55967200,,
650,1113100,,43138400,,
651,1093900,,47844400,,
652,673900,,44242000,,
653,546500,,58909600,,
654,797800,,71741200,,
655,796900,,75533600,,
656,925300,,53078400,,
657,1000800,,132808800,,
658,471200,,149719600,,
659,437900,,127902000,,
660,513900,,76453200,,
661,469200,,59663200,,
662,658100,,52544400,,
663,504800,,60120400,,
664,594500,,62367200,,
665,492400,,45045600,,
666,313400,,57952000,,
667,1375700,,46970000,,
668,1065900,,35720000,,
669,188200,,38949600,,
670,338600,,32409600,,
671,520700,,38440000,,
672,468400,,61268400,,
673,394900,,44543200,,
674,554900,,69536400,,
675,275300,,39767200,,
676,371500,,35286800,,
677,579300,,49885600,,
678,1330100,,56744400,,
679,499200,,41148800,,
680,328900,,58096000,,
681,1145000,,51371200,,
682,558200,,136479200,,
683,698900,,168446000,,
684,1646100,,87428000,,
685,689500,,72492000,,
686,551500,,107560000,,
687,731800,,49123200,,
688,1378300,,87458000,,
689,954600,,112562000,,
690,848300,,71372000,,
691,580100,,43524400,,
692,608500,,61909200,,
693,628100,,50348000,,
694,658400,,39033200,,
695,405100,,42784800,,
696,984800,,43736400,,
697,749700,,31880000,,
698,400300,,56349200,,
699,488400,,97487600,,
700,585800,,52950800,,
701,871400,,52829200,,
702,579300,,62872800,,
703,641100,,57664000,,
704,561900,,47859600,,
705,697000,,56731600,,
706,784200,,57077200,,
707,557100,,45162000,,
708,366100,,42869600,,
709,322900,,40724400,,
710,515900,,82816000,,
711,817400,,32274400,,
712,559200,,57219200,,
713,2200300,,50405600,,
714,6813800,,41190800,,
715,2289500,,50257600,,
716,1682000,,34230800,,
717,1362900,,35364000,,
718,1022900,,38994400,,
719,782600,,42770000,,
720,1324300,,52298800,,
721,1399500,,97856400,,
722,715300,,125325600,,
723,972900,,58237600,,
724,917900,,52929200,,
725,1148400,,50194800,,
726,894000,,44176800,,
727,654700,,51566400,,
728,1092200,,39610000,,
729,752200,,39917600,,
730,558800,,35664000,,
731,402400,,18075200,,
732,807900,,42289600,,
733,661600,,51275200,,
734,873800,,139678800,,
735,1114300,,82376800,,
736,2192700,,81154800,,
737,992800,,124084400,,
738,554900,,98148800,,
739,970700,,46703200,,
740,809200,,54260000,,
741,622700,,46687600,,
742,950400,,37274800,,
743,913300,,45501600,,
744,734200,,55428000,,
745,517900,,43816400,,
746,738100,,67003600,,
747,1043000,,47770400,,
748,748200,,37310000,,
749,447900,,28882000,,
750,642000,,30090400,,
751,453300,,46627600,,
752,583900,,35508000,,
753,386100,,32948800,,
754,541300,,24024800,,
755,435500,,27996400,,
756,844200,,35561600,,
757,612500,,91470400,,
758,770600,,58326800,,
759,1356100,,58012400,,
760,618900,,88121600,,
761,1057300,,49700000,,
762,1051300,,58266400,,
763,860300,,40603200,,
764,1043400,,35991600,,
765,1388400,,70234800,,
766,784500,,53840800,,
767,570600,,40863200,,
768,522100,,60938000,,
769,800100,,55094400,,
770,2431800,,47522800,,
771,1742500,,57997200,,
772,1217600,,40988400,,
773,1112900,,51635600,,
774,3080600,,45511600,,
775,910800,,57083200,,
776,852100,,47857600,,
777,1810100,,51922400,,
778,3954200,,71846400,,
779,2596400,,116520400,,
780,2667400,,111480000,,
781,1131700,,80293200,,
782,2578100,,114400000,,
783,2103600,,167460400,,
784,1212700,,109317200,,
785,1309200,,62552400,,
786,1343400,,74498800,,
787,623600,,69890000,,
788,882400,,63765600,,
789,698600,,68624000,,
790,918200,,89229200,,
791,885700,,53436400,,
792,1437700,,41530000,,
793,877900,,46931200,,
794,859400,,45543600,,
795,863500,,52311600,,
796,1187500,,104012000,,
797,843200,,91342800,,
798,1108300,,62077600,,
799,1084200,,63680800,,
800,1230900,,58120800,,
801,801500,,41191200,,
802,1289100,,50552400,,
803,1385300,,60506000,,
804,1257800,,61977200,,
805,927500,,50549600,,
806,536900,,40195200,,
807,964000,,39945600,,
808,1839100,,71377200,,
809,947900,,55469600,,
810,623900,,43868800,,
811,1581600,,55119600,,
812,915800,,73562000,,
813,931400,,61142400,,
814,1473100,,140900000,,
815,2809900,,94590400,,
816,2136900,,91662800,,
817,2178400,,92209200,,
818,1907000,,66743200,,30526500.0
819,907200,,78916800,,11702900.0
820,882500,,70124000,,7372800.0
821,892600,,66298800,,4228100.0
822,611100,,49952400,,2051400.0
823,1050300,,76167600,,2980000.0
824,549800,,46024400,,1874000.0
825,779100,,59392000,,1371900.0
826,699900,,50303600,,1608100.0
827,682000,,35079200,,1454700.0
828,1026200,,44722400,,1743100.0
829,1970000,,39136400,,2235300.0
830,1921200,,47199600,,1056900.0
831,1341700,,38620000,,2339000.0
832,929700,,42750800,,2436500.0
833,1256900,,41459600,,1180400.0
834,802200,,58849200,,1884600.0
835,1127400,,37582400,,1277200.0
836,6676300,,40084800,,1737800.0
837,1113200,,32784400,,3638400.0
838,1987800,,25378800,,2963900.0
839,1370900,,26824800,,6942800.0
840,1467900,,44314400,,11094800.0
841,1041300,,40066000,,4292600.0
842,1213800,,68761600,,5623700.0
843,918500,,50661600,,2460300.0
844,1107200,,59676000,,1857400.0
845,838000,,99408000,,3606600.0
846,1648100,,121445600,,1601300.0
847,842300,,52314000,,4753300.0
848,908100,,96352800,,2976200.0
849,626500,,55382800,,2077800.0
850,1145100,,51978400,,2470900.0
851,655100,,48371600,,4152400.0
852,624100,,64062400,,1948700.0
853,1047300,,51826400,,1194400.0
854,1070100,,44295600,,1202600.0
855,806100,,43737200,,1083300.0
856,762100,,29211200,,1288500.0
857,1129500,,35268400,,1314300.0
858,747100,,39099600,,1085500.0
859,708900,,49386800,,1446800.0
860,439500,,42196800,,1952400.0
861,1359100,,64202400,,2016900.0
862,994400,,39171200,,1694400.0
863,2584000,,37135600,,2264400.0
864,688800,,36944800,,2207400.0
865,582500,,36045600,,3528900.0
866,597000,,26537200,,2347400.0
867,528900,,31916000,,2231500.0
868,835300,,33820800,,1230700.0
869,731300,,43001600,,4311600.0
870,520000,,43226000,,1983200.0
871,777900,,35626800,,937600.0
872,712100,,59493200,,1627700.0
873,1281000,,36978000,,2365100.0
874,761300,,35951600,,3782000.0
875,1174800,,43416000,,1472000.0
876,646500,,66581600,,2878800.0
877,637900,,47888400,,1658900.0
878,1298400,,45389200,,1779500.0
879,1284500,,33801200,,1645700.0
880,1047500,,39230000,,862300.0
881,480000,,35757200,,1171200.0
882,581100,,22273200,,508400.0
883,1709800,,30621600,,1299600.0
884,447600,,29635200,,1092900.0
885,852300,,30388000,,1388800.0
886,489600,,36001600,,1541700.0
887,1036100,,36750800,,1998600.0
888,1011400,,34550800,,3505600.0
889,867800,,24698800,,1313200.0
890,446900,,19703600,,1141600.0
891,804100,,36213600,,1813300.0
892,630300,,27764000,,920500.0
893,590400,,23575200,,877300.0
894,944200,,22235200,,843700.0
895,458500,,30158400,,1753900.0
896,918800,,35462000,,2174000.0
897,682100,,31911200,,2024700.0
898,506500,,32512400,,5029000.0
899,653200,,29542000,,4124900.0
900,1068400,,34034000,,2978500.0
901,1683100,,28398800,,2233200.0
902,1252400,,28355600,,1140500.0
903,1052300,,26966800,,1391600.0
904,923000,,21428800,,1337600.0
905,611500,,20750800,,1031700.0
906,886100,,25813200,,894400.0
907,775700,,26210000,,584400.0
908,614900,,20428000,,2594700.0
909,1220400,,25639600,,1558700.0
910,1009400,,37520800,,3156000.0
911,737100,,46622000,,1271900.0
912,1161900,,59113600,,1752400.0
913,1480400,,80126000,,546700.0
914,1273100,,114318800,,1489600.0
915,570400,,85438800,,1050500.0
916,463600,,67398800,,990000.0
917,637500,,74985600,,1025500.0
918,1752100,,72068400,,980200.0
919,699500,,53151200,,1454900.0
920,905200,,50577600,,1773100.0
921,1561300,,47538400,,1014800.0
922,1093200,,42010800,,1290200.0
923,712600,,34660800,,803700.0
924,493100,,30659200,,710900.0
925,599600,,39172000,,1430300.0
926,743300,,39315600,,2312600.0
927,1148600,,32279600,,1698600.0
928,873100,,29542000,,1185600.0
929,1071600,,22014000,,1175200.0
930,661400,,24311200,,1413800.0
931,608200,,41909200,,1092600.0
932,625500,,30553600,,1021400.0
933,1254200,,38693600,,1126600.0
934,738400,,20552800,,1318700.0
935,1143900,,29952000,,1156700.0
936,1105900,,22486000,,2615200.0
937,678300,,43058400,,1283200.0
938,3685600,,43512800,,1425000.0
939,1276700,,29391200,,1151500.0
940,1154700,,28038800,,1178500.0
941,1068800,,26854800,,836900.0
942,608600,,21442800,,964800.0
943,1584600,,70939600,,1163700.0
944,632300,,62206000,,1023000.0
945,727200,,38396400,,831000.0
946,979300,,32055200,,1673900.0
947,1836000,,39122000,,1955100.0
948,775400,,42663600,,2395600.0
949,937700,,40861200,,1850600.0
950,1069700,,27350000,,1214500.0
951,1611400,,68494000,,3194000.0
952,1296800,,72543600,,2990500.0
953,1411800,,60823600,,2775300.0
954,1403300,,44976000,,1349700.0
955,1339500,,40871200,,1636000.0
956,1160300,,32966800,,2083700.0
957,1755400,,52402000,,2317000.0
958,769200,,61360800,,2018500.0
959,503000,,36884400,,1426500.0
960,1461800,,62643600,,2404200.0
961,1589900,,88428800,,1652400.0
962,1818600,,95172000,,1195600.0
963,2727300,,66478400,,1326800.0
964,2568700,,75801600,,2306700.0
965,2709200,,80719200,,3071400.0
966,1766900,,74577200,,3165300.0
967,1538300,,56652800,,8785800.0
968,1563400,,45296000,,2239200.0
969,958900,,37933200,,1952500.0
970,711000,,29901200,,1749700.0
971,1616100,,48381200,,2330900.0
972,1076600,,51135200,,2444100.0
973,957800,,41324000,,2571600.0
974,1650000,,61711600,,2657200.0
975,949800,,64471200,,1106300.0
976,871900,,52658000,,1303900.0
977,712800,,84070800,,1070500.0
978,834900,,196352000,,868500.0
979,1579800,,169782000,,1556100.0
980,1412800,,169203200,,2463000.0
981,783100,,102549600,,1455600.0
982,362600,,41196800,,422200.0
983,1280400,,81483200,,1360400.0
984,957000,,73806000,,1174000.0
985,1042000,,80452400,,1693200.0
986,1100000,,54917200,,972100.0
987,809500,,72956400,,1064200.0
988,1082700,,89080400,,1489000.0
989,1113200,,81211200,,1600900.0
990,783400,,69230800,,1543500.0
991,635000,,68167600,,1115400.0
992,1024000,,62947200,,1464700.0
993,1814300,,67191200,,2356300.0
994,926800,,65413600,,1656400.0
995,620200,,47138400,,1171000.0
996,750600,,47182000,,916900.0
997,711500,,66286800,,1251100.0
998,1163900,,56437200,,1431100.0
999,1428100,,74536400,,1768300.0
1000,1314600,,74958800,,2299000.0
1001,1240600,,86374000,,3379000.0
1002,807600,,46384000,,944200.0
1003,1151700,,69510000,,1463700.0
1004,806000,,63704400,,1498200.0
1005,607800,,62872800,,971000.0
1006,858700,,46514000,,1397500.0
1007,779800,,50875200,,861100.0
1008,1618500,,70555200,,1082300.0
1009,1185000,,58562000,,2484800.0
1010,674000,,70916000,,2516200.0
1011,1033000,,78601600,,1257100.0
1012,658900,,61726000,,1276700.0
1013,1067000,,52315600,,1347100.0
1014,591000,,87476400,,1414400.0
1015,735900,,73016800,,2474200.0
1016,985800,,61701200,,2979900.0
1017,880800,,47010400,,2152200.0
1018,708700,,49343600,,1372400.0
1019,889400,,65133600,,1314100.0
1020,901800,,66155200,,1255600.0
1021,803200,,59102000,,1159400.0
1022,886900,,70897200,,708100.0
1023,782200,,115457200,,997000.0
1024,743800,,251152800,,1512600.0
1025,674200,,115393200,,790900.0
1026,922100,,97422800,,1456000.0
1027,1583600,,84285200,,2173700.0
1028,6962800,,62504800,,1783500.0
1029,1977200,,52859200,,1245100.0
1030,1609500,,54242400,,1844500.0
1031,2822500,,70246400,,7575300.0
1032,3049100,,63712000,,2514800.0
1033,2078500,,46160400,,1989900.0
1034,2044900,,49518000,,3154800.0
1035,1154100,,59106000,,2483300.0
1036,1470200,,60537200,,2165800.0
1037,730100,,82726400,,2943600.0
1038,1445400,,151674800,,2056100.0
1039,1662900,,55189200,,1223400.0
1040,2226800,,54098800,,1230400.0
1041,2215000,,44854800,,1039500.0
1042,1189600,,40174000,,1961400.0
1043,996800,,65602000,,1188700.0
1044,1305700,,48846400,,1587300.0
1045,866400,,50025600,,1830200.0
1046,800900,,32494400,,2110400.0
1047,969000,,35718800,,3306200.0
1048,1230900,,40999200,,1415500.0
1049,638300,,36292400,,1712600.0
1050,685400,,40352400,,1233700.0
1051,1360200,,45010400,,1588800.0
1052,1074100,,42241600,,1129100.0
1053,1555600,,85972800,,1523700.0
1054,1290200,,57957600,,796100.0
1055,920600,,76890000,,1266900.0
1056,778100,,51938400,,1184500.0
1057,848000,,66148400,,1346500.0
1058,632800,,48699200,,1151900.0
1059,2231600,,85497200,,1682600.0
1060,3729000,,71914800,,1138800.0
1061,1392400,,82431200,,1106300.0
1062,1579100,,74764400,,2242700.0
1063,954900,,52521200,,1906800.0
1064,1317800,,70350800,,1775800.0
1065,1696300,,47437200,,2071900.0
1066,978300,,48026400,,1248200.0
1067,908700,,45689600,,1666100.0
1068,1000600,,48382400,,1473000.0
1069,1325800,,44092000,,1361600.0
1070,1010500,,78350400,,1367200.0
1071,2378400,,45737600,,1289700.0
1072,1212200,,48174400,,2196600.0
1073,8331100,,42419200,,753700.0
1074,4273300,,43997200,,907100.0
1075,1032100,,44477200,,1056700.0
1076,1157600,,37460000,,913400.0
1077,984800,,47170800,,904700.0
1078,1704600,,44009200,,2024200.0
1079,1066300,,39496400,,1172600.0
1080,2349500,,35100400,,972100.0
1081,1076300,,38098800,,1119200.0
1082,1343600,,27993600,,1634100.0
1083,2081300,,34685600,,1704500.0
1084,2118900,,31820400,,1693400.0
1085,1768900,,49929600,,1675200.0
1086,3853300,,86898800,,2844600.0
1087,1198100,,39192000,,6689600.0
1088,1487200,,36292000,,1678600.0
1089,2185000,,35428000,,1482300.0
1090,1349800,,39468400,,1287700.0
1091,2705000,,33682400,,1411300.0
1092,2228300,,42217600,,1157800.0
1093,3310700,,55522000,,1014000.0
1094,1220400,,41916800,,847500.0
1095,1903300,,66024800,,1304300.0
1096,2148000,,56950000,,1296800.0
1097,1475700,,65691200,,1371600.0
1098,1146100,,52488000,,1130600.0
1099,2177900,,50232000,,906100.0
1100,5301500,,78108800,,1032300.0
1101,3318300,,102206800,,991300.0
1102,2019900,,57206400,,1057000.0
1103,1451300,,36184800,,904100.0
1104,1127800,,32586800,,2023000.0
1105,1894500,,59184400,,2096400.0
1106,814200,,35758400,,1227800.0
1107,879500,,42835600,,678000.0
1108,869600,,55980000,,1013700.0
1109,613100,,39430000,,980600.0
1110,1085200,,38972000,,1073300.0
1111,849600,,47864400,,1399300.0
1112,1014100,,64183600,,1351900.0
1113,764200,,51161600,,2283600.0
1114,1159900,,40814000,,2333900.0
1115,1146300,,34885600,,1643500.0
1116,1711200,,40278000,,1753100.0
1117,1064100,,38387200,,1483100.0
1118,1579900,,35889200,,1607600.0
1119,1198700,,30808000,,1104700.0
1120,3736100,,39442800,,1109400.0
1121,2555100,,27604000,,2405500.0
1122,1695700,,58192000,,1560000.0
1123,2280400,,33164400,,1007000.0
1124,1678700,,35016800,,1664300.0
1125,2478300,,43442800,,2648000.0
1126,1530300,,28294800,,2886800.0
1127,1868600,,31186800,,1996600.0
1128,1080600,,58407200,,1468300.0
1129,1027600,,44544000,,1490900.0
1130,886200,,39766800,,9156200.0
1131,1843400,,70975600,,1295800.0
1132,1386900,,40022800,,1144200.0
1133,784100,,24663600,,576700.0
1134,1468700,,39655200,,679600.0
1135,1691000,,32978800,,1306700.0
1136,1307200,,34286000,,1349700.0
1137,833900,,45207600,,1196400.0
1138,2797000,,68256000,,945500.0
1139,770100,,50639200,,952000.0
1140,917700,,28984000,,548300.0
1141,1461400,,34144400,,1393700.0
1142,1025700,,34820400,,1164100.0
1143,790000,,44219200,,1406400.0
1144,400700,,34489600,,907000.0
1145,965200,,31594000,,904000.0
1146,730200,,42817600,,1016400.0
1147,1115700,,36623600,,1202400.0
1148,1381400,,39270000,,955700.0
1149,1631800,,27416000,,896600.0
1150,3002000,,24816000,,1079000.0
1151,3197400,,19777200,,2009600.0
1152,1443100,,35941600,,5241300.0
1153,2243600,,42121200,,3540500.0
1154,1266100,,42834800,,953900.0
1155,1873300,,58915600,,1552800.0
1156,1194800,,36127200,,1088900.0
1157,2389900,,37256000,,953200.0
1158,1499900,,30930000,,941500.0
1159,426200,,34181600,,466700.0
1160,504800,,27920000,,710700.0
1161,1140800,,35195600,,1232600.0
1162,1272700,,41988000,,1320800.0
1163,872800,,47720000,,785200.0
1164,1254700,,100796000,,641300.0
1165,934800,,81511200,,659200.0
1166,378100,,46318800,,740900.0
1167,1052800,,42724400,,968800.0
1168,1583600,,30348800,,1410600.0
1169,1303600,,56805600,,1485800.0
1170,1174600,,31820800,,684700.0
1171,726300,,29096800,,1760900.0
1172,501000,,25561200,,1461400.0
1173,916000,,35797600,,792100.0
1174,355400,,29061600,,678900.0
1175,857900,,29614000,,885200.0
1176,925700,,22772800,,1260900.0
1177,1295800,,69567600,,701200.0
1178,679700,,37697600,,937100.0
1179,1144500,,41752400,,818000.0
1180,759900,,35281200,,1753800.0
1181,731000,,36151200,,1180400.0
1182,623200,,32784000,,1187000.0
1183,661300,,32459200,,1221800.0
1184,400800,,23183200,,892600.0
1185,1854700,,22304800,,1850500.0
1186,816600,,25815200,,915900.0
1187,619500,,24547600,,2478000.0
1188,627200,,35024400,,2380400.0
1189,426300,,24971200,,1510000.0
1190,987800,,31726800,,2444200.0
1191,1522500,,30843200,,1363000.0
1192,825500,,23456400,,1378900.0
1193,1501700,,36205600,,1837200.0
1194,666700,,18618400,,1370900.0
1195,988400,,36600800,,1573200.0
1196,1005200,,29337200,,2046500.0
1197,823800,,45058800,,1363700.0
1198,631900,,26552400,,2040500.0
1199,661400,,48098400,,1138600.0
1200,630500,,44443600,,1248500.0
1201,323500,,29241200,,934500.0
1202,721300,,30912400,,760200.0
1203,1378000,,44640400,,1353500.0
1204,461400,,20004000,,594800.0
1205,943000,,66412400,,1501700.0
1206,747600,,42894400,,1062300.0
1207,759600,,26343600,,1134000.0
1208,1079000,,30744000,,802600.0
1209,564300,,26186800,,1155700.0
1210,649700,,32872000,,1128200.0
1211,589100,,27991600,,719300.0
1212,727500,,23202000,,862600.0
1213,683700,,42309200,,2319700.0
1214,874900,,33079200,,10797600.0
1215,1496400,,21123600,,2570000.0
1216,1265100,,20596000,,1644500.0
1217,661800,,20973200,,1943600.0
1218,613700,,28364000,,1851300.0
1219,606200,,37671600,,3826400.0
1220,663600,,30086800,,2551400.0
1221,456600,,26901200,,1363100.0
1222,649500,,28034000,,961700.0
1223,941800,,18910000,,902800.0
1224,1398700,,24343600,,1477300.0
1225,1068100,,28350400,,2002400.0
1226,1089300,,30018800,,1070400.0
1227,424100,,51808000,,1417700.0
1228,325200,,105362800,,885600.0
1229,827100,,57458800,,2305400.0
1230,1512500,,41456400,,2119400.0
1231,852500,,47258800,,1820900.0
1232,1149700,,28838800,,1583300.0
1233,607200,,22410000,,1575800.0
1234,879400,,50647600,,1239100.0
1235,2221700,,38524400,,973500.0
1236,1565400,,21578400,,1006500.0
1237,952800,,14155600,,394500.0
1238,1515400,,37203600,,1254000.0
1239,1648100,,46523200,,755700.0
1240,1123800,,27342400,,1506000.0
1241,1156400,,18488400,,791600.0
1242,999800,,23223600,,724200.0
1243,1323200,,21188000,,1373700.0
1244,872900,,25638800,,1450300.0
1245,1375100,,23379600,,767400.0
1246,1152300,,40434800,,593000.0
1247,1019200,,45470400,,703300.0
1248,1109400,,32097600,,1223800.0
1249,747600,,32119600,,1431800.0
1250,557700,,34354800,,1561800.0
1251,667600,,44536000,,1025700.0
1252,1594400,,60304400,,828300.0
1253,601400,,35506000,,939200.0
1254,264500,,13886400,,1008000.0
1255,518000,,18285200,,752700.0
1256,351100,,25464400,,920700.0
1257,993900,,25805600,,1038100.0
1258,549700,,23100400,,769300.0
1259,856500,,23753600,,662600.0
1260,518600,,20538400,,1018400.0
1261,755500,,26263600,,1311900.0
1262,1316200,,31485600,,876700.0
1263,1640200,,27710800,,974500.0
1264,2377300,,25511200,,1630600.0
1265,1120500,,31629600,,1046400.0
1266,1272300,,31984000,,1880900.0
1267,1940800,,35908800,,1048000.0
1268,1085900,,26310400,,1037400.0
1269,1158900,,28419200,,701300.0
1270,780500,,25379200,,1314900.0
1271,967200,,21791600,,1743900.0
1272,760800,,23924000,,1718700.0
1273,579700,,24451600,,1102100.0
1274,678300,,37351200,,1164800.0
1275,1267300,,47053600,,1003900.0
1276,812600,,31097600,,791400.0
1277,613000,,25884800,,1215200.0
1278,870900,,29050400,,886600.0
1279,957400,,37042000,,1501100.0
1280,1811100,,25556400,,1894500.0
1281,1578700,,27154400,,3152600.0
1282,1799000,,20822000,,4159800.0
1283,662600,,21828400,,2341700.0
1284,1462400,,18975200,,2110600.0
1285,929300,,52960800,,1794700.0
1286,852000,,63855600,,1527900.0
1287,587900,,37464400,,1224000.0
1288,910300,,52801600,,1591000.0
1289,1485200,,104192400,,1288100.0
1290,2345700,,62016400,,1480200.0
1291,1234900,,69433200,,1051800.0
1292,1326100,,81005200,,1442600.0
1293,906900,,76818000,,1170700.0
1294,1413800,,85691600,,1382100.0
1295,2226400,,105549600,,2049200.0
1296,1553400,,74773200,,1502900.0
1297,2006000,,90641600,,1826300.0
1298,2722600,,113325200,,1909400.0
1299,2117900,,89074400,,1001700.0
1300,1714500,,65279200,,964900.0
1301,1223800,,59740800,,1336000.0
1302,1259900,,54032800,,1501600.0
1303,1165600,,51541200,,1311500.0
1304,1374800,,61416000,,1361700.0
1305,3117300,,58064800,,1359000.0
1306,1349800,,49996400,,905500.0
1307,2072100,,81654000,,1836600.0
1308,2012300,,63483600,,1439600.0
1309,1458900,,72697200,,1736000.0
1310,1702400,,83363200,,2493000.0
1311,3626500,,87426800,,1991000.0
1312,2382900,,76551200,,2504100.0
1313,1613000,,80463600,,3669100.0
1314,1592600,,64387600,,2209200.0
1315,2281900,,110164400,,2680900.0
1316,1225000,,79343200,,1994700.0
1317,1465400,,69610800,,1125600.0
1318,1943400,,63882800,,1094200.0
1319,1215200,,60225200,,1356600.0
1320,1057900,,94996000,,1763600.0
1321,1110900,,65691200,,1718100.0
1322,1107900,,67576400,,739500.0
1323,667800,,66321200,,871700.0
1324,1196800,,72788400,,2315000.0
1325,1347100,,78452000,,1539200.0
1326,1112600,,54244400,,1386400.0
1327,1139300,,52556400,,1226200.0
1328,1551700,,39840800,,1067700.0
1329,1762500,,53094800,,1536400.0
1330,2207300,,36614800,,1747100.0
1331,2740200,,74562000,,1102600.0
1332,3182300,,53912000,,709100.0
1333,2436900,,44938800,,1144400.0
1334,2203700,,73516000,,1098000.0
1335,837300,,48335600,,899100.0
1336,985500,,42416000,,769500.0
1337,1158100,,35232800,,1142300.0
1338,1233300,,47938800,,1135500.0
1339,972100,,44290400,,1516200.0
1340,1193600,,37916000,,5744100.0
1341,1108900,,37591600,,2122300.0
1342,625200,,34209600,,2047300.0
1343,768100,,31755600,,1224100.0
1344,957200,,36889600,,1231000.0
1345,913600,,32346400,,1280700.0
1346,900400,,37373200,,1421700.0
1347,957700,,33921600,,912400.0
1348,916800,,46906000,,1294500.0
1349,1140200,,49306000,,1099300.0
1350,2543800,,62585200,,974900.0
1351,1329900,,60231200,,895200.0
1352,1241200,,98766000,,1511500.0
1353,1976900,,77446000,,1306500.0
1354,2118400,,71732000,,4119400.0
1355,2146500,,58753600,,4818500.0
1356,1214600,,76106800,,4318700.0
1357,848700,,103876400,,2156300.0
1358,1435100,,77078000,,2482400.0
1359,1524600,,117589200,,2326500.0
1360,1606900,,73489600,,1858400.0
1361,1176800,,74525600,,1158200.0
1362,1423600,,38987600,,1309600.0
1363,1420600,,39132000,,1552400.0
1364,2723200,,36544000,,1522000.0
1365,1167400,,42428000,,1200100.0
1366,1274500,,48174800,,1157700.0
1367,1392600,,38773600,,1202100.0
1368,986700,,46848800,,1582800.0
1369,1863300,,63218000,,2112100.0
1370,2784400,,58365200,,1728800.0
1371,2360700,,57090800,,907600.0
1372,1640100,,40000400,,1396100.0
1373,1029200,,53571600,,1061100.0
1374,1375300,,40830400,,3151700.0
1375,920000,,25440800,,12353200.0
1376,1513900,,52416000,,12863200.0
1377,605900,,39846800,,6346100.0
1378,1189700,,37510800,,8055100.0
1379,646500,,44937200,,4949700.0
1380,682300,,37607200,,8578300.0
1381,953300,,59208400,,6497100.0
1382,972100,,34224800,,4766700.0
1383,736700,,36789200,,3515200.0
1384,1549700,,32664800,,3404200.0
1385,1087000,,36405600,,4247000.0
1386,1397500,,31589200,,5167600.0
1387,908000,,35780000,,2283600.0
1388,533500,,36548000,,3787800.0
1389,949600,,49454800,,2640400.0
1390,1666900,,49767600,,1772300.0
1391,1814600,,45707600,,2834600.0
1392,757600,,54267600,,3861300.0
1393,1985200,,40398400,,1779400.0
1394,935400,,34496400,,2794400.0
1395,1091700,,26628400,,1658000.0
1396,875000,,28485200,,4110500.0
1397,698200,,27703600,,2548200.0
1398,417000,,36729200,,5062900.0
1399,608100,,41166000,,2812900.0
1400,535500,,47329200,,2406600.0
1401,911200,,29213200,,1562100.0
1402,479200,,27163600,,1860900.0
1403,530400,,28450800,,3970600.0
1404,624300,,30888000,,2667400.0
1405,1112900,,38608000,,1809700.0
1406,2149700,,41272000,,1829800.0
1407,1695500,,31033600,,1707200.0
1408,1179100,,24992400,,1649400.0
1409,1129800,,24431600,,1341300.0
1410,1101600,,34251600,,1239200.0
1411,644600,,42779600,,1389600.0
1412,1039600,,35451200,,2621000.0
1413,1233600,,46441200,,2030100.0
1414,1794200,,37446000,,1388600.0
1415,1419400,,36643600,,983900.0
1416,1237400,,62130000,,1345400.0
1417,798200,,50344800,,989100.0
1418,1354300,,62262400,,1372000.0
1419,1224700,,92138800,,1730700.0
1420,1337000,,99986800,,1612100.0
1421,848500,,49056400,,1250000.0
1422,636000,,28907600,,1266000.0
1423,900600,,32124400,,1314400.0
1424,1032800,,31760400,,1243900.0
1425,1010000,,53716000,,1378000.0
1426,777200,,50084000,,882100.0
1427,1061900,,51131600,,1233300.0
1428,888900,,87401200,,2455700.0
1429,1069300,,94512800,,1845500.0
1430,1241500,,146368400,,2062800.0
1431,1262300,,79572800,,1469800.0
1432,888300,,73620000,,1057100.0
1433,979700,,69868400,,3026300.0
1434,826100,,63692800,,1371600.0
1435,676200,,120174400,,1185700.0
1436,1383600,,72755600,,1232700.0
1437,1789200,,55638400,,5339100.0
1438,1461500,,79251200,,1913600.0
1439,1212000,,69846000,20621000.0,1298000.0
1440,762500,,72104400,5055200.0,998300.0
1441,730800,,64645200,6893700.0,1539600.0
1442,873100,,64701200,4343900.0,1142100.0
1443,834700,,73124000,2487200.0,1451300.0
1444,617700,,58801600,3681700.0,770800.0
1445,790200,,57380800,3999900.0,937900.0
1446,449100,,62146000,2814000.0,1213600.0
1447,706700,,68918400,3670700.0,1131800.0
1448,719700,,52500400,4530800.0,1051500.0
1449,1392000,,55249600,2771300.0,1043800.0
1450,846200,,47982000,1260500.0,964300.0
1451,850800,,78442000,1014400.0,932600.0
1452,1238400,,41808400,1767800.0,616700.0
1453,744900,,37890000,1892900.0,765600.0
1454,755700,,34689200,2587700.0,617300.0
1455,770900,,43474400,3868000.0,937600.0
1456,907000,,34460400,2000700.0,1591600.0
1457,942800,,27610000,2196100.0,989600.0
1458,1129100,,26722400,1362700.0,904000.0
1459,1062600,,24239200,958600.0,1038300.0
1460,822200,,29806800,1669100.0,818800.0
1461,1215800,,22921200,1224800.0,904200.0
1462,873200,,21959600,1270200.0,1359500.0
1463,661900,,29048000,4738100.0,1216200.0
1464,751200,,23348400,3246200.0,1349800.0
1465,842500,,33689600,2933300.0,1921300.0
1466,1467300,,25052000,5984300.0,1778000.0
1467,2727400,,37652000,2391500.0,2257900.0
1468,1845100,,32008000,2805300.0,5508200.0
1469,1479300,,41682000,5100700.0,3520500.0
1470,2077700,,29965200,2514500.0,2282200.0
1471,1059400,,27290000,2161600.0,1418500.0
1472,1039200,,41022800,2788900.0,1907000.0
1473,1823300,,31902800,2106600.0,2180600.0
1474,1394500,,38334800,1727700.0,2161200.0
1475,1884900,,58297600,3158700.0,2060100.0
1476,1300100,,64406800,2447100.0,2371400.0
1477,1347400,,40474400,1663700.0,1183800.0
1478,1209000,,36581200,2937000.0,890600.0
1479,1094900,,34631200,4769700.0,861600.0
1480,1151100,,41377600,4675000.0,1438100.0
1481,1751500,,31202800,3710800.0,822800.0
1482,746400,,51092400,1897200.0,979100.0
1483,899900,,56593600,1663800.0,1372700.0
1484,623900,,34108800,2688000.0,1057000.0
1485,742800,,36135600,2100800.0,947300.0
1486,1208900,,34650000,1724900.0,826900.0
1487,1649700,,25991600,1539800.0,720600.0
1488,666900,,16727600,1799400.0,774200.0
1489,969700,,28695200,2514000.0,1800200.0
1490,1240200,,29694800,2407200.0,1227100.0
1491,1188400,,28336000,2141600.0,8178500.0
1492,754600,,19952000,1241300.0,2420000.0
1493,570100,,20224400,1498600.0,1979300.0
1494,901400,,22324400,1321800.0,2287600.0
1495,717900,,27192000,1738800.0,1620600.0
1496,1988700,,40130000,4057700.0,1682200.0
1497,725400,,20776400,1862900.0,1268900.0
1498,907600,,20926400,1360400.0,1657600.0
1499,855700,,27015600,2383900.0,2117300.0
1500,824300,,19301600,1461100.0,2198600.0
1501,856800,,22311600,1516100.0,1574700.0
1502,1199700,,23138400,1915900.0,960700.0
1503,1289600,,34206400,3637600.0,1090800.0
1504,939000,,30233200,1772300.0,1076800.0
1505,743000,,18558000,2275000.0,958500.0
1506,669600,,17914400,1323600.0,1131600.0
1507,301800,,9788400,746600.0,435800.0
1508,963600,,21256400,1814800.0,898200.0
1509,988800,,17037200,1990900.0,687900.0
1510,616200,,22539600,1227600.0,631500.0
1511,670700,,19242400,714800.0,587100.0
1512,1064000,,56064000,3129600.0,945700.0
1513,1118700,,32276000,1903800.0,610400.0
1514,981500,,58042400,3410700.0,1024800.0
1515,760700,,46148000,3225300.0,977200.0
1516,1400400,,29252800,2780500.0,2199700.0
1517,1036600,,51834400,1950300.0,1105600.0
1518,1192300,,29147600,1439100.0,829600.0
1519,794400,,21002800,1641800.0,2412100.0
1520,831100,,28312000,2161500.0,853800.0
1521,1027600,,27778000,1846000.0,2352000.0
1522,701000,,22618800,1505200.0,1252600.0
1523,874000,,25857200,909100.0,1044800.0
1524,649200,,33778000,1461300.0,1641800.0
1525,759600,,24682000,2012300.0,1083300.0
1526,1457800,,25111200,3554900.0,1393700.0
1527,775000,,16398000,1113000.0,818300.0
1528,1115200,,37127200,3613100.0,1549000.0
1529,1439700,,22831600,1273300.0,1532100.0
1530,859200,,27155200,1385700.0,1485500.0
1531,1499500,,21720400,1663900.0,1186200.0
1532,1267700,,22044000,2123000.0,1744500.0
1533,3026200,,24540800,1399500.0,6296200.0
1534,1382400,,20134000,3784400.0,2451300.0
1535,2026500,,16915200,17012100.0,2342800.0
1536,1067800,,43462400,22008000.0,1609000.0
1537,1014300,,28756000,11939500.0,1440500.0
1538,606400,,48535200,5690400.0,1492000.0
1539,470300,,45082800,6508800.0,1032400.0
1540,557700,,37475600,4275300.0,1119500.0
1541,849400,,32196000,5857600.0,1923600.0
1542,592200,,27475600,6593700.0,1283000.0
1543,567200,,23386800,6016800.0,1386500.0
1544,1988600,,27172400,4919200.0,1313800.0
1545,1096400,,32588400,5201500.0,4523400.0
1546,1067300,,39178000,11523900.0,4162000.0
1547,1474800,,44832000,5816800.0,1477600.0
1548,1338000,,82443600,6767300.0,2428200.0
1549,1002900,,50093200,7896700.0,2595700.0
1550,935600,,35318400,3951500.0,1539500.0
1551,1082500,,26411600,3534400.0,1483000.0
1552,1052700,,37759200,4663000.0,1636600.0
1553,1642500,,57334400,7662100.0,2591400.0
1554,1053900,,54284000,8271100.0,2599400.0
1555,1242600,,54311200,5240500.0,2108000.0
1556,1288500,,52182400,5728300.0,2424000.0
1557,1073400,97069300.0,38437600,4251300.0,1319500.0
1558,915500,59629300.0,29991600,5078600.0,1854800.0
1559,870100,19714700.0,24396400,2846800.0,963500.0
1560,875500,19549800.0,22198800,4021600.0,866800.0
1561,823900,30274400.0,27212800,4363700.0,891800.0
1562,719100,10054100.0,24386400,5580100.0,844700.0
1563,860600,9627400.0,29389600,5966700.0,1466800.0
1564,622700,6776500.0,29920800,6377300.0,1327100.0
1565,2082100,4238500.0,29780400,5359300.0,606500.0
1566,761200,4456000.0,22204800,5385100.0,802700.0
1567,1270700,5460000.0,24584000,4231800.0,1053100.0
1568,971200,6283000.0,29514400,6043700.0,1657700.0
1569,823900,4531200.0,36396800,3285700.0,1267700.0
1570,817100,4351600.0,27352000,3621200.0,1078700.0
1571,695100,3394500.0,20020400,2991000.0,1496000.0
1572,597500,4094900.0,31477600,3168500.0,1194500.0
1573,450100,4063100.0,30827600,4360500.0,1183800.0
1574,832400,8609500.0,25567200,2427400.0,949300.0
1575,439100,3915500.0,19174400,2589400.0,1280500.0
1576,489300,4424800.0,25128400,2648100.0,690200.0
1577,562500,4244000.0,24441600,2151600.0,679900.0
1578,823200,9245500.0,19517200,2036700.0,1171000.0
1579,444700,8004100.0,86932400,2407900.0,622100.0
1580,534800,17893700.0,67621200,2919500.0,1154300.0
1581,410800,14785800.0,38550000,2065300.0,815600.0
1582,508200,8841100.0,59848000,2246900.0,1216600.0
1583,642400,5156200.0,33520800,1980400.0,777800.0
1584,413700,6637700.0,40442000,2004500.0,1398400.0
1585,489100,8393600.0,33413200,1994200.0,1262200.0
1586,559200,4525000.0,21677600,2041000.0,1828500.0
1587,906500,3372200.0,27778800,4196100.0,1482300.0
1588,428500,2729300.0,22750000,1457400.0,2239000.0
1589,536900,4192700.0,19779600,2387700.0,2239600.0
1590,1559200,3200600.0,16457200,1834200.0,1239400.0
1591,1735200,3084300.0,20941600,1899700.0,7772300.0
1592,908800,4374900.0,17319600,1746700.0,3330800.0
1593,1080500,2420200.0,20191200,1074900.0,2187600.0
1594,1026600,3212200.0,20391200,2481200.0,2305600.0
1595,1378500,5379900.0,40532400,2840700.0,2562400.0
1596,972100,4584800.0,29202400,1763400.0,1549900.0
1597,826100,6004200.0,19338000,5331800.0,1770100.0
1598,878500,4808200.0,22932800,3989000.0,1312600.0
1599,1045800,8124100.0,26890400,6039300.0,1857300.0
1600,976200,30995000.0,28558400,8350900.0,2509400.0
1601,1099200,20823900.0,30340800,9789900.0,1322100.0
1602,1241900,17769500.0,28540400,5347100.0,1635700.0
1603,696700,7676300.0,25861600,4213500.0,2461700.0
1604,662600,16797600.0,21698000,2541200.0,1352400.0
1605,912400,11688200.0,18625600,3032700.0,1292600.0
1606,534400,10886300.0,34400000,2895300.0,1831800.0
1607,518700,10951000.0,32159200,2841400.0,1233400.0
1608,491900,31672600.0,67299200,4875500.0,1037500.0
1609,380400,23117700.0,55481600,3572800.0,980900.0
1610,895500,14314600.0,43540800,3630000.0,1126600.0
1611,577800,17543500.0,37044000,3731000.0,1364500.0
1612,549700,19850300.0,58147600,5716100.0,1002500.0
1613,425600,13462600.0,64453600,2276800.0,920700.0
1614,546900,13632300.0,47280400,3047200.0,1037300.0
1615,545100,16728900.0,59416800,2982400.0,1088900.0
1616,754700,10907500.0,58000800,2458600.0,1244800.0
1617,891400,14672000.0,61712000,2006300.0,946600.0
1618,1206100,15214600.0,57575600,3696400.0,1273500.0
1619,959800,14403900.0,32384800,2944300.0,1167800.0
1620,515600,12739300.0,38165600,2982400.0,1024100.0
1621,569400,12269200.0,28777200,2684800.0,1500200.0
1622,601900,8673800.0,41630800,4134100.0,1577000.0
1623,486400,11659500.0,32137600,5617200.0,1250500.0
1624,593900,10831800.0,24303200,3616500.0,1350100.0
1625,591500,43922800.0,30712400,2751900.0,1367500.0
1626,734200,12307700.0,80965600,5215800.0,1237400.0
1627,663100,11130600.0,96885600,5552500.0,1348300.0
1628,1062800,11289400.0,67238400,5574300.0,826100.0
1629,717300,10138600.0,58014400,5096600.0,1436700.0
1630,522000,8015500.0,33235600,3751400.0,951500.0
1631,379000,8836200.0,32092400,4668000.0,2251500.0
1632,523500,7594500.0,27836400,9565700.0,1562100.0
1633,821600,14046500.0,49543600,2348500.0,1248000.0
1634,597700,7806500.0,36763200,2007500.0,875000.0
1635,782100,4366900.0,32656800,1662500.0,1572600.0
1636,499900,10272300.0,48013600,2790200.0,835000.0
1637,735400,5807700.0,34276400,1214700.0,480900.0
1638,633000,6301400.0,44670800,1502000.0,1063800.0
1639,529800,6153000.0,41842800,1747800.0,746900.0
1640,689600,6729500.0,50330000,3073200.0,932900.0
1641,874700,3936700.0,29662400,1296400.0,575500.0
1642,1015500,6762000.0,32198400,1152600.0,740900.0
1643,609300,9196200.0,29070800,1547200.0,899000.0
1644,642100,10466700.0,38010000,2892400.0,1119900.0
1645,438600,10502400.0,55056400,4400700.0,1506700.0
1646,583800,4641500.0,68822400,1895800.0,1443100.0
1647,712400,5407200.0,74906000,1934800.0,1232500.0
1648,554000,4816100.0,43468700,1390800.0,902100.0
1649,419500,4077300.0,37101700,1605500.0,1249900.0
1650,348900,4362500.0,32382600,1755000.0,781200.0
1651,485700,3151300.0,19567200,1642100.0,1501300.0
1652,523900,6524100.0,20394300,1631000.0,1931300.0
1653,752600,12323800.0,24886300,2487100.0,1403800.0
1654,860900,4977600.0,20219100,4350000.0,7220300.0
1655,817300,3941200.0,19078100,3819400.0,2544000.0
1656,628200,3262400.0,18349700,2119700.0,2170000.0
1657,407400,3971300.0,21744400,1843800.0,2227300.0
1658,733200,9686300.0,30181100,2222700.0,3438800.0
1659,619700,9308900.0,23130900,2274300.0,1670100.0
1660,420300,4354500.0,21143500,1678000.0,1700800.0
1661,413200,4681600.0,17849700,2536000.0,1014000.0
1662,386900,16103400.0,14644300,2451500.0,1040800.0
1663,511200,8272900.0,17923800,2325100.0,2855500.0
1664,452100,6531500.0,18592500,11178600.0,3304600.0
1665,590400,3992400.0,15165200,9202400.0,1541100.0
1666,492400,4218800.0,18306300,6862200.0,860200.0
1667,788800,12998900.0,21087600,4018000.0,1452500.0
1668,775500,21772300.0,20458500,3233300.0,1330100.0
1669,361700,13036300.0,28591300,2631400.0,1515100.0
1670,541400,7561800.0,76655500,2589700.0,834000.0
1671,419000,5696800.0,67574100,3791500.0,2314300.0
1672,542700,9943800.0,57580700,2479500.0,1354400.0
1673,633600,12816900.0,29729900,1773200.0,887700.0
1674,408300,7444200.0,34770100,1871400.0,841800.0
1675,584500,5740900.0,23794000,2638600.0,1125800.0
1676,403100,5235600.0,30472200,1425100.0,1338800.0
1677,392200,9742800.0,26258000,3440300.0,1059300.0
1678,381300,4759400.0,25985000,2525100.0,1216700.0
1679,550000,4600500.0,20176700,2158500.0,811000.0
1680,351400,3728500.0,18783400,6152000.0,3946000.0
1681,695900,5449700.0,28053200,2633200.0,1187900.0
1682,509900,5911600.0,19810700,3617300.0,1865200.0
1683,399200,4387100.0,25443400,2584200.0,1043100.0
1684,655100,10906900.0,19685600,2115200.0,926100.0
1685,507200,17466000.0,24837600,3669900.0,1515100.0
1686,516900,7188100.0,29750000,3074200.0,1215300.0
1687,539300,7644000.0,19975500,2283400.0,814900.0
1688,438600,7501200.0,16653800,3564200.0,766500.0
1689,407500,5055000.0,15603300,2468700.0,846100.0
1690,387700,5927400.0,29450300,12782500.0,1129800.0
1691,717700,5663100.0,34944000,4683400.0,1357500.0
1692,962400,5328100.0,20468800,2289800.0,884200.0
1693,832400,7989000.0,26872600,1994900.0,906600.0
1694,554200,4262600.0,24855500,7114500.0,942900.0
1695,863700,4962200.0,21765500,2575200.0,1102900.0
1696,631100,8049800.0,24521500,2633500.0,818800.0
1697,903300,6492600.0,34306900,4403300.0,1392300.0
1698,673000,5488500.0,21839400,2998400.0,1071100.0
1699,490200,6928600.0,22100900,2099000.0,1050200.0
1700,610600,3896000.0,24097800,1984300.0,898200.0
1701,887300,7651500.0,34563500,2490800.0,1145300.0
1702,513100,16184300.0,27928200,3541600.0,647900.0
1703,709800,6988900.0,29720200,2545400.0,1036800.0
1704,516200,6987200.0,25691900,2529600.0,661700.0
1705,651900,11768800.0,15125800,1833600.0,625100.0
1706,767600,5036700.0,16338800,1296300.0,647300.0
1707,555000,4368500.0,16213400,1689900.0,651400.0
1708,374700,5108300.0,18065200,1783500.0,1216100.0
1709,549300,4540800.0,24358900,1855600.0,858500.0
1710,576400,5094800.0,22699400,1954900.0,813300.0
1711,659100,3793400.0,18949400,3113500.0,763500.0
1712,551800,3666700.0,16147300,2630400.0,1056000.0
1713,369100,3565200.0,14627600,2217300.0,736700.0
1714,666300,10928400.0,18759000,1755200.0,1093500.0
1715,465600,5746400.0,24938400,2094200.0,988000.0
1716,719100,5674200.0,23023500,1396900.0,1009600.0
1717,633200,6833100.0,48589800,2520500.0,1672600.0
1718,586900,3668400.0,24599000,1584800.0,3958200.0
1719,864500,6321000.0,23420400,1254200.0,3414400.0
1720,765500,8722300.0,29250300,2411600.0,1604400.0
1721,1130100,6274200.0,26574000,2280900.0,2386000.0
1722,803100,4551300.0,29411200,2229700.0,1315100.0
1723,452500,4730900.0,23991000,1592400.0,1223700.0
1724,591000,6702200.0,115363100,2170000.0,1137000.0
1725,601000,6717100.0,85126000,1580500.0,1261100.0
1726,422700,16708400.0,50310100,6026700.0,2077200.0
1727,524700,93507300.0,64674600,9669600.0,1586200.0
1728,799500,43838100.0,63620600,14515800.0,1367900.0
1729,424400,27837100.0,33217200,7012700.0,1262800.0
1730,458700,36418600.0,41305400,6213100.0,1853700.0
1731,309200,24749500.0,38490900,7295500.0,1055200.0
1732,513400,53305900.0,26448400,8553200.0,1586900.0
1733,315900,44293300.0,42850800,5393100.0,1103300.0
1734,594800,59193300.0,78171100,8789000.0,1049600.0
1735,351800,38313200.0,53386700,6561900.0,799500.0
1736,467500,57760200.0,75433500,8370500.0,1346300.0
1737,751100,25930900.0,53216300,5811100.0,2356700.0
1738,444000,28221200.0,43516200,6009300.0,1552300.0
1739,340300,11288400.0,28306900,3218200.0,836900.0
1740,409300,17703000.0,45496400,8491200.0,1347600.0
1741,646400,37000900.0,62206600,6051900.0,1874200.0
1742,876100,35002100.0,48436800,9130000.0,1627300.0
1743,636700,18703700.0,47289000,6227700.0,1603200.0
1744,653700,15529200.0,54432500,7406800.0,1831000.0
1745,411600,15186900.0,65893800,4611700.0,1186000.0
1746,623400,14766600.0,59305300,5243000.0,1089400.0
1747,351300,18413300.0,47555100,4894800.0,1137700.0
1748,572600,13753600.0,48850700,7244000.0,1059900.0
1749,401800,11778200.0,48882500,3691200.0,838400.0
1750,488900,13091400.0,59834400,6532500.0,1188000.0
1751,348500,10989100.0,66703500,4542100.0,2137100.0
1752,819300,43177300.0,69829700,5035400.0,1557700.0
1753,780400,17835700.0,70736600,5255200.0,1130000.0
1754,610700,20705600.0,71375800,6060600.0,1697700.0
1755,512600,12550600.0,46184700,2979000.0,1120600.0
1756,836500,10005100.0,52438500,3515300.0,716600.0
1757,666600,12469700.0,39518400,2329300.0,972700.0
1758,514400,9023900.0,34302200,1846600.0,813000.0
1759,548200,16094500.0,40368600,2564500.0,963900.0
1760,415700,16707100.0,42059100,2082100.0,775200.0
1761,259100,10005100.0,34313900,1636000.0,1155700.0
1762,232200,10013300.0,30886400,1883100.0,941500.0
1763,275000,16934900.0,26653000,1490100.0,870600.0
1764,373700,16964300.0,39154700,2881400.0,1933300.0
1765,708700,23034600.0,52715400,5780400.0,1874400.0
1766,2594400,15510000.0,49806400,5179900.0,1345300.0
1767,1836500,17213300.0,45418600,5346000.0,1171900.0
1768,574800,25003600.0,40993900,3150600.0,907200.0
1769,1031200,19182100.0,59468100,4735000.0,1394000.0
1770,799200,13972200.0,40408900,3281200.0,1175400.0
1771,345600,14057900.0,38341300,3842500.0,1111600.0
1772,550500,20964300.0,54017100,4969100.0,985600.0
1773,444700,18642200.0,39583200,4719800.0,1665400.0
1774,3043100,23959200.0,42427000,5641500.0,1380200.0
1775,3961500,16892600.0,48831500,4158900.0,1659900.0
1776,1746900,16838300.0,43518100,3735100.0,2517800.0
1777,1753600,26043700.0,71895800,5467600.0,3150100.0
1778,1845900,33280600.0,91398200,7905100.0,3003600.0
1779,742400,20959500.0,66461600,4738100.0,2074400.0
1780,1024600,25741900.0,75595900,5991500.0,2654600.0
1781,1619900,33439600.0,57335300,5497600.0,2512900.0
1782,964900,30682200.0,54377400,6202200.0,2515500.0
1783,1878200,27942900.0,56468000,5114900.0,4882400.0
1784,1019100,33738200.0,51892500,4116600.0,2868500.0
1785,1571200,17257900.0,54341900,4491700.0,6687900.0
1786,1020000,32647600.0,41017800,7357700.0,14049300.0
1787,815200,16078300.0,35482900,14704600.0,5779200.0
1788,663300,17694100.0,37686800,6141600.0,4407100.0
1789,600000,13816200.0,41035900,2836200.0,3828200.0
1790,969400,27292500.0,52428200,4415500.0,4911100.0
1791,530900,28605700.0,51320000,5087600.0,2235700.0
1792,760700,21780400.0,60547200,4489200.0,2158300.0
1793,797500,26296100.0,44042400,3902400.0,1608000.0
1794,633100,50879500.0,69986900,3074700.0,1384500.0
1795,517600,94625800.0,73267600,2814700.0,1577100.0
1796,870800,53402200.0,81059500,3420700.0,2017800.0
1797,611600,51159600.0,76125500,3985800.0,2331000.0
1798,990000,38780300.0,63342200,3336100.0,1849300.0
1799,825300,20266900.0,56651100,3577100.0,1450100.0
1800,1086800,31971800.0,73580100,5873800.0,2352200.0
1801,636400,21783600.0,52886600,3069900.0,1674500.0
1802,709300,20385400.0,47731900,4102000.0,1883400.0
1803,639800,16097900.0,41205600,2017000.0,1404500.0
1804,488600,20016900.0,38964200,2888500.0,1462000.0
1805,539400,18977400.0,36509500,3408800.0,2393500.0
1806,553200,19359100.0,43141500,4265600.0,2383600.0
1807,760200,17648200.0,45082100,4400700.0,2320100.0
1808,941300,17363100.0,55746700,5557600.0,1858600.0
1809,873700,18344800.0,49274200,3666000.0,1521800.0
1810,817000,23528800.0,42806600,3402700.0,1978600.0
1811,512200,15212700.0,36720900,3207500.0,2027600.0
1812,747600,23358300.0,38535400,5088900.0,2185000.0
1813,826200,23447200.0,49199600,3729000.0,1496900.0
1814,860900,21427100.0,67142200,6148200.0,2297900.0
1815,462800,31971500.0,47194100,4501100.0,1977500.0
1816,465600,33933300.0,73071900,5513200.0,2575100.0
1817,609900,22342000.0,59172700,3879300.0,1930200.0
1818,573800,25528300.0,54700700,3810100.0,2535100.0
1819,419800,21607000.0,50212000,3224900.0,2102800.0
1820,550600,17030700.0,87737900,2406700.0,2310400.0
1821,779300,21109900.0,57901600,3132000.0,1161200.0
1822,709900,18599800.0,42549400,2321400.0,939700.0
1823,581000,20011200.0,48898400,3579200.0,1597200.0
1824,355000,20247000.0,46348700,2583100.0,1643100.0
1825,491300,13789500.0,52344000,2177200.0,1371800.0
1826,577500,15782200.0,51723500,2961900.0,1408800.0
1827,746500,17863100.0,39712000,3734900.0,2213800.0
1828,678100,16789600.0,43661500,3584000.0,1695400.0
1829,669000,18574200.0,70383300,3560100.0,2308400.0
1830,937500,29139000.0,55799200,3519800.0,1404300.0
1831,599100,18296500.0,52478100,2070300.0,1434100.0
1832,1156100,17180300.0,57520700,2925300.0,1416400.0
1833,1172500,18299000.0,66225800,2455300.0,1043200.0
1834,818800,17132500.0,51694300,2024500.0,1092500.0
1835,1330700,13482300.0,56909700,2582000.0,1304400.0
1836,841900,19366100.0,52570100,2008400.0,960900.0
1837,1074800,20957500.0,51278100,2041600.0,907000.0
1838,784700,37932100.0,46897400,3928100.0,5654800.0
1839,663000,22536700.0,65620900,3573900.0,4384300.0
1840,879700,18453300.0,62471300,3644800.0,2445000.0
1841,1100200,20815400.0,64156600,3553400.0,3044800.0
1842,1081200,24176700.0,65314300,3448800.0,4875400.0
1843,1091000,27858300.0,49946000,6097100.0,9175100.0
1844,736000,24732000.0,57032700,6358400.0,4117900.0
1845,644100,19191000.0,50043500,3956600.0,2981700.0
1846,622900,17155000.0,57204900,4113400.0,2698800.0
1847,541300,16264500.0,47575100,2598300.0,2004300.0
1848,446600,20852400.0,64885500,5641600.0,2479800.0
1849,673400,21665800.0,62633100,5452000.0,2449700.0
1850,825300,30794900.0,63329700,6230200.0,3018600.0
1851,1099800,28258400.0,64445500,7407300.0,2305500.0
1852,1159500,53591400.0,76147400,19656000.0,3158000.0
1853,1121000,105794300.0,67016700,50845700.0,2894500.0
1854,1698500,95005400.0,70872800,28077000.0,3096000.0
1855,884400,57201800.0,67043700,15784400.0,2479800.0
1856,546100,68469900.0,52144600,9918900.0,2077400.0
1857,562300,48152300.0,58583000,9280800.0,2874600.0
1858,1066600,42974700.0,54516100,12143700.0,1803100.0
1859,778500,45346800.0,62131000,11075600.0,1908400.0
1860,806100,42991900.0,73910500,8303700.0,1856300.0
1861,687200,30376000.0,63988900,5800700.0,2430100.0
1862,647500,35394300.0,58855000,12399300.0,3996400.0
1863,827900,28428000.0,78113200,6752000.0,2400500.0
1864,564100,19608100.0,99657500,6650500.0,2272700.0
1865,649400,22641500.0,73837900,6319900.0,2716300.0
1866,877400,44581300.0,66410000,12739300.0,1770400.0
1867,814300,23093100.0,54451400,5847100.0,1499100.0
1868,644300,31343300.0,64865600,8535400.0,1283500.0
1869,461800,24899800.0,59877900,6643400.0,1086900.0
1870,467900,19262000.0,42240600,8492900.0,2425000.0
1871,441700,17808800.0,38891400,4858800.0,2408300.0
1872,498300,26455400.0,36325200,5487000.0,4138400.0
1873,428900,18179100.0,39557400,8446400.0,2768300.0
1874,527900,25118100.0,46524800,11233300.0,2497300.0
1875,772600,26198800.0,60415300,8231200.0,2493000.0
1876,931000,18507500.0,46968000,6423100.0,2466700.0
1877,633600,39872500.0,56393600,8165400.0,2885400.0
1878,1178600,37915100.0,54574900,7588300.0,2165600.0
1879,828700,27819700.0,63033400,8409900.0,1776300.0
1880,709200,27383300.0,48308900,5901100.0,1568200.0
1881,580100,32828800.0,43713500,6690600.0,1482200.0
1882,550100,39179500.0,46368000,10624300.0,2197500.0
1883,909900,68215900.0,47215300,13246900.0,2563300.0
1884,467500,29741400.0,42796800,7783900.0,1639100.0
1885,668100,23948700.0,46114900,7164800.0,2539000.0
1886,535800,20325700.0,48235200,5227300.0,3052800.0
1887,681600,29942300.0,68607000,9152600.0,2399300.0
1888,559700,32754600.0,57761000,6230700.0,1987500.0
1889,789600,59571100.0,65139700,9572700.0,2555600.0
1890,667300,33629400.0,52906600,5530400.0,1591900.0
1891,650600,31467300.0,49290300,6277900.0,1544100.0
1892,521400,64027700.0,46797200,7229000.0,1433700.0
1893,485100,30345400.0,43732100,6098400.0,1744400.0
1894,415700,33116500.0,45848300,7366300.0,1137600.0
1895,500600,31184000.0,52191800,53179900.0,1443500.0
1896,501000,26820400.0,45623500,22091600.0,1335800.0
1897,461500,28323400.0,38593500,12986600.0,1608100.0
1898,623600,27096300.0,67051700,16326200.0,1576200.0
1899,544900,20644000.0,70236600,13287000.0,1964500.0
1900,461200,28015700.0,76053800,19243600.0,2075800.0
1901,366600,21827200.0,55704900,9056900.0,2381400.0
1902,423400,22493800.0,53667100,11440000.0,2046300.0
1903,599700,17454600.0,48074800,6357400.0,1595500.0
1904,319800,15668500.0,39786500,9748200.0,2752600.0
1905,509400,21235700.0,56977600,8581300.0,7373300.0
1906,539200,17714900.0,47464600,7159800.0,2637400.0
1907,1707200,16524700.0,43546000,6248600.0,1708100.0
1908,1683500,24181300.0,47646900,8424500.0,1684000.0
1909,1467300,20201300.0,48952700,10321900.0,1116100.0
1910,1524000,15025100.0,41814600,10010500.0,1698500.0
1911,1031200,14673000.0,40965200,8529200.0,1459200.0
1912,816400,21143700.0,38606800,14049600.0,1304100.0
1913,770900,21346300.0,98185900,11163200.0,998000.0
1914,604100,33978800.0,66826300,28136200.0,1090800.0
1915,611100,64849700.0,59742200,14932200.0,1369800.0
1916,683500,51720000.0,50932700,10704700.0,1985500.0
1917,386600,24482400.0,47809400,10225500.0,910200.0
1918,343000,17188100.0,45766600,11498600.0,1021700.0
1919,489700,26070400.0,45124000,6769500.0,872700.0
1920,642100,20183900.0,44679900,6243400.0,1411600.0
1921,352900,15175400.0,41544700,4087600.0,1102400.0
1922,599900,15983700.0,44158800,5930000.0,963400.0
1923,695600,14859600.0,40959300,7411500.0,1213700.0
1924,420300,14042300.0,36998600,4428200.0,895900.0
1925,425400,11233000.0,52266100,3748800.0,702000.0
1926,567400,12204500.0,77069100,6899300.0,860500.0
1927,907800,16646000.0,76912700,7567200.0,908500.0
1928,563800,14127200.0,49613200,4554000.0,966000.0
1929,459300,13348400.0,53018100,5835700.0,951600.0
1930,646800,11534000.0,57371000,4721000.0,1050400.0
1931,521200,14721100.0,117886500,6473600.0,1570600.0
1932,506600,12155700.0,74315700,5382900.0,1405300.0
1933,642100,16687200.0,53575100,6112700.0,962800.0
1934,843800,14116200.0,51265700,7683100.0,652300.0
1935,923000,16315700.0,62487300,13908100.0,857900.0
1936,510600,23394400.0,48661200,16513300.0,1616600.0
1937,505700,18639600.0,48415900,12961800.0,1407800.0
1938,588300,16857600.0,71495600,16524100.0,1729000.0
1939,516200,18469700.0,58850700,8719800.0,1210400.0
1940,778800,32722100.0,52362500,8342000.0,1336400.0
1941,645700,50198200.0,67075100,10441100.0,1348200.0
1942,588700,17794500.0,56968500,6975600.0,1714800.0
1943,630000,15256000.0,52481800,6699600.0,1323300.0
1944,658500,15884700.0,80767900,7303800.0,873500.0
1945,769400,14895500.0,75916200,6232500.0,1005100.0
1946,734400,15492500.0,66330900,6661600.0,1782100.0
1947,911500,25436700.0,54734300,5631400.0,1578400.0
1948,1033000,21989600.0,55385400,5742700.0,1268400.0
1949,1546500,15877100.0,54241400,5225000.0,1016900.0
1950,856700,14100200.0,53276300,7898200.0,1524700.0
1951,923900,12784200.0,56563800,4876100.0,1859000.0
1952,1746300,21713000.0,54747800,7203400.0,3551100.0
1953,1144500,18832000.0,58418200,7003000.0,2057000.0
1954,635000,14085200.0,50713100,5955500.0,1681900.0
1955,859600,15304500.0,64415700,5029600.0,1425200.0
1956,804500,20549600.0,67247800,6339800.0,1276300.0
1957,743200,12815100.0,69869900,6266000.0,1305100.0
1958,884900,21176500.0,66748200,8282600.0,1973700.0
1959,786700,24981200.0,49259000,6441900.0,4097000.0
1960,948400,28731600.0,85010300,9308700.0,2378200.0
1961,740900,14748400.0,71343200,6686200.0,1644600.0
1962,897500,71231000.0,58077400,8696800.0,1189100.0
1963,952400,34742000.0,65936200,6057600.0,1810900.0
1964,725200,16168300.0,52313100,6700400.0,1308100.0
1965,512400,16379000.0,65239800,6059200.0,1314300.0
1966,1009300,16932900.0,60949400,12215900.0,1737800.0
1967,926700,11460600.0,51745700,7266000.0,6219400.0
1968,837600,19444400.0,50548200,16791000.0,3226200.0
1969,718300,17120000.0,53295300,12306900.0,8005500.0
1970,571000,11431900.0,58311300,8781300.0,3597200.0
1971,731700,9221300.0,52104000,7759600.0,2460700.0
1972,1005900,10325500.0,48634100,6392900.0,1994700.0
1973,3487100,8403600.0,43281700,6278600.0,2690000.0
1974,2000500,10591000.0,67262800,9634300.0,3244400.0
1975,1256200,13460800.0,50006500,8433200.0,3530800.0
1976,1397600,16634900.0,61257600,19375400.0,2054900.0
1977,1856900,16341500.0,41006100,9121200.0,1520900.0
1978,1596600,15155600.0,59529200,13498100.0,1321500.0
1979,771000,46247300.0,45441400,19318100.0,1680900.0
1980,1401900,25224500.0,70081900,28405800.0,2078800.0
1981,1136400,21854500.0,65548700,29212900.0,1987100.0
1982,620400,13073100.0,52785200,19150000.0,1338400.0
1983,913200,16314300.0,54587600,23569300.0,1326200.0
1984,851400,13179300.0,64954700,21010500.0,953400.0
1985,608600,14114100.0,71089400,17962600.0,1941400.0
1986,371800,11037100.0,49207200,14910600.0,1601400.0
1987,720900,16315500.0,40473900,16356400.0,1392500.0
1988,625200,11601500.0,47286600,12088500.0,1614300.0
1989,659600,11847900.0,42724100,16886100.0,905600.0
1990,416900,4046800.0,16793400,6195200.0,602200.0
1991,1120300,12423300.0,30374100,14143300.0,1136700.0
1992,750500,11417500.0,29838400,18916300.0,1007000.0
1993,937800,15477400.0,56529800,19864000.0,1514800.0
1994,827800,15946100.0,47097700,14132500.0,1021500.0
1995,706200,15831100.0,37138900,13561400.0,1153900.0
1996,1048600,11567500.0,35225500,11922300.0,1171800.0
1997,718500,10188300.0,35269400,17017700.0,1647100.0
1998,480800,8244900.0,37238800,11068400.0,1279600.0
1999,1035000,8847300.0,51545600,12030000.0,1314700.0
2000,1016000,7860200.0,46533800,8699000.0,1529500.0
2001,894000,13501400.0,45732800,8231600.0,1413700.0
2002,776900,16276800.0,65658900,14875000.0,3865000.0
2003,657800,13499500.0,49688800,13721700.0,1186700.0
2004,625300,40121100.0,47854200,12475600.0,3261300.0
2005,618600,21720600.0,47823200,11837600.0,3499900.0
2006,994400,13155600.0,35403900,9774800.0,1292700.0
2007,785800,11905700.0,40326000,10721600.0,2010300.0
2008,627600,12505000.0,32502500,8462100.0,1509100.0
2009,684300,12842900.0,56504500,10156600.0,1646000.0
2010,617900,10774500.0,34932600,6692800.0,943900.0
2011,704100,11084000.0,46490200,7332600.0,1178600.0
2012,639100,9948900.0,35106600,6569200.0,1616300.0
2013,574500,11301200.0,35492300,6900500.0,979200.0
2014,413500,15840700.0,31027300,5373200.0,1255000.0
2015,660600,13439400.0,40127700,8864600.0,1286800.0
2016,596400,11799100.0,43132400,8643900.0,1842900.0
2017,541000,13696500.0,38916800,9451900.0,1557100.0
2018,896700,14429600.0,40482300,10585200.0,1185100.0
2019,918000,18246700.0,50423100,12416400.0,1376800.0
2020,796100,10156900.0,38410100,8656600.0,2044800.0
2021,721600,12662600.0,35328500,7829600.0,1631000.0
2022,1113100,10674800.0,55140900,11978000.0,1774400.0
2023,994400,10169400.0,44693500,7311800.0,2135100.0
2024,891000,33311200.0,51110200,8723100.0,1752100.0
2025,710300,17099900.0,43962400,12801100.0,2235400.0
2026,848600,20781200.0,45293200,9968000.0,2280800.0
2027,541000,14001000.0,56401600,9184200.0,2760900.0
2028,609800,9872500.0,65516300,15081400.0,4690800.0
2029,693100,5685800.0,49620400,8713300.0,1482200.0
2030,575700,9114100.0,44953700,11880400.0,2180400.0
2031,603900,9882700.0,48953500,13969100.0,1505300.0
2032,853800,13081300.0,54163300,14366600.0,1753500.0
2033,704600,8977700.0,48861100,9654200.0,2322800.0
2034,794100,9242900.0,49801700,10444100.0,9597000.0
2035,965400,11213100.0,66047700,13639400.0,4556500.0
2036,1614200,17277900.0,56427600,20368300.0,5198400.0
2037,1055300,14335400.0,42892500,13816100.0,2552100.0
2038,980100,7781500.0,45219700,10650800.0,3348300.0
2039,924200,8935300.0,66415000,12637800.0,2884800.0
2040,662600,8696200.0,55965100,13450800.0,1494800.0
2041,472900,10531700.0,52387600,22929700.0,1433600.0
2042,509000,10067900.0,55031100,13551500.0,3799900.0
2043,504700,8016600.0,47491900,10174400.0,1958500.0
2044,507300,11224500.0,67547400,11713300.0,1435100.0
2045,588500,50472200.0,42118800,15199500.0,1721700.0
2046,679900,22342500.0,41202600,9669800.0,1639600.0
2047,844700,22906600.0,46495700,7723500.0,1438700.0
2048,784100,16483300.0,40905300,11008900.0,1731100.0
